Date,ID,Problems_solved
8/27/2020,251,2
8/28/2020,251,2
8/1/2020,251,30
8/2/2020,251,6
8/3/2020,251,14
8/4/2020,251,5
8/6/2020,251,4
8/7/2020,251,15
8/10/2020,251,23
8/12/2020,251,11
8/14/2020,73,23
8/15/2020,73,23
8/17/2020,73,0
8/3/2020,73,20
8/4/2020,73,32
8/5/2020,73,24
8/6/2020,73,24
8/7/2020,73,33
8/10/2020,73,34
8/11/2020,73,7
8/12/2020,73,7
8/11/2020,73,18
8/12/2020,73,23
8/11/2020,73,3
8/12/2020,73,2
8/11/2020,73,17
8/13/2020,73,17
8/14/2020,73,5
8/17/2020,73,2
8/18/2020,73,4
8/19/2020,73,2
8/20/2020,73,1
8/21/2020,73,4
8/24/2020,73,6
8/11/2020,73,1
8/14/2020,73,6
8/15/2020,73,6
8/21/2020,43,0
8/4/2020,43,12
8/5/2020,43,11
8/6/2020,43,8
8/7/2020,43,7
8/12/2020,43,5
8/13/2020,43,10
8/14/2020,43,1
8/15/2020,43,3
8/17/2020,43,3
8/18/2020,43,8
8/19/2020,43,2
8/20/2020,43,2
8/4/2020,43,39
8/5/2020,43,42
8/6/2020,43,34
8/7/2020,43,31
8/12/2020,43,40
8/13/2020,43,31
8/14/2020,43,39
8/15/2020,43,14
8/17/2020,43,24
8/18/2020,43,26
8/19/2020,43,15
8/20/2020,43,14
8/4/2020,43,11
8/5/2020,43,9
8/6/2020,43,17
8/7/2020,43,16
8/12/2020,43,7
8/13/2020,43,18
8/14/2020,43,9
8/15/2020,43,32
8/17/2020,43,18
8/18/2020,43,19
8/19/2020,43,18
8/20/2020,43,24
8/7/2020,43,42
8/17/2020,43,29
8/18/2020,43,55
8/24/2020,43,14
8/25/2020,43,19
8/28/2020,43,8
8/3/2020,43,23
8/4/2020,43,39
8/6/2020,43,42
8/7/2020,43,1
8/10/2020,43,33
8/17/2020,43,26
8/21/2020,43,11
8/24/2020,43,1
8/25/2020,43,1
8/28/2020,43,3
8/31/2020,43,3
8/1/2020,43,27
8/3/2020,43,15
8/6/2020,43,1
8/7/2020,43,7
8/8/2020,43,63
8/10/2020,43,7
8/15/2020,43,35
8/16/2020,43,39
8/17/2020,43,2
8/21/2020,43,8
8/22/2020,43,26
8/23/2020,43,38
8/24/2020,43,17
8/25/2020,43,18
8/28/2020,43,20
8/31/2020,43,12
8/1/2020,43,2
8/21/2020,43,2
8/22/2020,43,3
8/23/2020,43,4
8/24/2020,43,1
8/28/2020,43,1
8/31/2020,295,3
8/17/2020,295,5
8/11/2020,295,0
8/12/2020,1,0
8/12/2020,1,0
8/2/2020,1,47
8/3/2020,1,58
8/4/2020,1,57
8/5/2020,1,55
8/7/2020,1,48
8/8/2020,1,10
8/10/2020,1,43
8/11/2020,1,43
8/12/2020,1,26
8/14/2020,1,36
8/15/2020,1,38
8/17/2020,1,44
8/21/2020,1,37
8/22/2020,1,16
8/8/2020,1,2
8/22/2020,1,10
8/25/2020,1,13
8/26/2020,1,4
8/27/2020,1,2
8/21/2020,1,10
8/24/2020,1,54
8/25/2020,1,28
8/26/2020,1,31
8/27/2020,1,45
8/28/2020,1,65
8/31/2020,1,52
8/8/2020,1,17
8/12/2020,1,3
8/8/2020,2,7
8/19/2020,2,20
8/24/2020,2,5
8/25/2020,2,18
8/28/2020,2,22
8/1/2020,2,49
8/17/2020,2,15
8/18/2020,2,5
8/20/2020,2,8
8/21/2020,2,3
8/24/2020,2,6
8/26/2020,2,7
8/28/2020,2,2
8/17/2020,2,1
8/17/2020,2,41
8/18/2020,2,44
8/19/2020,2,22
8/20/2020,2,23
8/21/2020,2,23
8/24/2020,2,34
8/25/2020,2,9
8/26/2020,2,35
8/28/2020,2,8
8/31/2020,3,28
8/3/2020,3,15
8/6/2020,3,7
8/9/2020,3,2
8/13/2020,3,15
8/18/2020,3,9
8/23/2020,3,23
8/24/2020,3,11
8/26/2020,3,11
8/31/2020,3,29
8/4/2020,3,3
8/7/2020,3,9
8/9/2020,3,15
8/10/2020,3,4
8/11/2020,3,9
8/23/2020,3,8
8/4/2020,3,2
8/14/2020,3,1
8/27/2020,3,1
8/3/2020,3,32
8/4/2020,3,43
8/5/2020,3,27
8/6/2020,3,20
8/7/2020,3,29
8/10/2020,3,25
8/11/2020,3,34
8/13/2020,3,21
8/14/2020,3,41
8/17/2020,3,28
8/18/2020,3,9
8/20/2020,3,47
8/21/2020,3,36
8/24/2020,3,36
8/26/2020,3,16
8/27/2020,3,36
8/28/2020,3,41
8/31/2020,3,13
8/11/2020,4,1
8/5/2020,4,15
8/6/2020,4,9
8/7/2020,4,21
8/12/2020,4,6
8/18/2020,4,17
8/21/2020,4,13
8/22/2020,4,7
8/24/2020,4,30
8/25/2020,4,13
8/27/2020,4,32
8/28/2020,4,47
8/31/2020,4,0
8/4/2020,4,8
8/10/2020,4,8
8/11/2020,4,18
8/12/2020,4,10
8/13/2020,4,10
8/19/2020,4,8
8/21/2020,4,6
8/22/2020,4,10
8/25/2020,4,1
8/26/2020,4,6
8/3/2020,4,56
8/4/2020,4,52
8/5/2020,4,47
8/6/2020,4,33
8/7/2020,4,27
8/10/2020,4,44
8/11/2020,4,18
8/12/2020,4,23
8/13/2020,4,28
8/18/2020,4,20
8/19/2020,4,17
8/21/2020,4,18
8/24/2020,4,20
8/25/2020,4,24
8/26/2020,4,32
8/27/2020,4,12
8/28/2020,4,12
8/31/2020,4,54
8/11/2020,5,7
8/10/2020,5,16
8/11/2020,5,36
8/12/2020,5,42
8/13/2020,5,19
8/14/2020,5,35
8/17/2020,5,14
8/18/2020,5,27
8/19/2020,5,19
8/20/2020,5,21
8/21/2020,5,14
8/24/2020,5,53
8/25/2020,5,17
8/26/2020,5,22
8/27/2020,5,23
8/10/2020,5,9
8/13/2020,5,1
8/17/2020,5,0
8/7/2020,5,1
8/10/2020,5,3
8/13/2020,5,1
8/5/2020,5,53
8/6/2020,5,43
8/7/2020,5,18
8/10/2020,5,19
8/11/2020,5,13
8/12/2020,5,14
8/13/2020,5,16
8/14/2020,5,16
8/17/2020,5,31
8/18/2020,5,12
8/19/2020,5,10
8/20/2020,5,9
8/21/2020,5,16
8/24/2020,5,9
8/25/2020,5,20
8/26/2020,5,10
8/27/2020,6,14
8/22/2020,6,0
8/22/2020,6,19
8/24/2020,6,1
8/29/2020,6,48
8/10/2020,6,9
8/11/2020,6,31
8/12/2020,6,23
8/13/2020,6,38
8/14/2020,6,35
8/17/2020,6,42
8/18/2020,6,40
8/19/2020,6,32
8/20/2020,6,30
8/21/2020,6,24
8/24/2020,6,40
8/28/2020,6,55
8/31/2020,6,48
8/21/2020,6,1
8/21/2020,6,2
8/5/2020,6,20
8/4/2020,6,11
8/7/2020,6,41
8/12/2020,6,5
8/13/2020,6,11
8/14/2020,6,12
8/17/2020,6,32
8/3/2020,6,72
8/4/2020,6,36
8/5/2020,6,20
8/7/2020,6,27
8/12/2020,6,31
8/13/2020,6,37
8/14/2020,6,65
8/17/2020,6,24
8/18/2020,6,62
8/12/2020,7,6
8/8/2020,7,0
8/7/2020,7,74
8/10/2020,7,29
8/11/2020,7,44
8/14/2020,7,61
8/15/2020,7,94
8/16/2020,7,73
8/24/2020,7,55
8/25/2020,7,35
8/26/2020,7,36
8/29/2020,7,81
8/30/2020,7,134
8/10/2020,7,7
8/17/2020,7,10
8/22/2020,7,9
8/23/2020,7,35
8/2/2020,7,105
8/4/2020,7,3
8/8/2020,7,29
8/22/2020,7,4
8/29/2020,7,12
8/3/2020,7,46
8/4/2020,7,38
8/6/2020,7,37
8/7/2020,7,26
8/10/2020,7,17
8/11/2020,7,13
8/14/2020,7,18
8/17/2020,7,23
8/24/2020,7,10
8/25/2020,7,23
8/26/2020,7,25
8/8/2020,7,24
8/22/2020,7,11
8/24/2020,7,3
8/8/2020,7,7
8/22/2020,8,3
8/3/2020,8,0
8/6/2020,8,14
8/12/2020,8,2
8/13/2020,8,8
8/14/2020,8,18
8/17/2020,8,5
8/18/2020,8,9
8/20/2020,8,18
8/25/2020,8,15
8/31/2020,8,15
8/4/2020,8,7
8/7/2020,8,5
8/10/2020,8,2
8/11/2020,8,3
8/12/2020,8,7
8/13/2020,8,5
8/18/2020,8,2
8/19/2020,8,8
8/24/2020,8,1
8/25/2020,8,1
8/26/2020,8,6
8/4/2020,8,1
8/3/2020,8,44
8/4/2020,8,35
8/5/2020,8,43
8/6/2020,8,28
8/7/2020,8,42
8/10/2020,8,35
8/11/2020,8,29
8/12/2020,8,21
8/13/2020,8,20
8/14/2020,8,7
8/17/2020,8,19
8/18/2020,8,5
8/19/2020,8,18
8/20/2020,8,12
8/21/2020,8,18
8/24/2020,8,27
8/25/2020,8,15
8/26/2020,8,20
8/27/2020,8,21
8/31/2020,8,13
8/10/2020,8,7
8/11/2020,8,2
8/21/2020,8,4
8/26/2020,8,12
8/27/2020,8,12
8/10/2020,8,2
8/21/2020,8,1
8/27/2020,284,3
8/4/2020,284,11
8/12/2020,284,17
8/20/2020,284,10
8/3/2020,284,62
8/4/2020,284,39
8/5/2020,284,23
8/6/2020,284,47
8/7/2020,284,49
8/10/2020,284,45
8/11/2020,284,38
8/12/2020,284,30
8/13/2020,284,48
8/14/2020,284,56
8/17/2020,284,52
8/18/2020,284,44
8/19/2020,284,32
8/20/2020,284,26
8/21/2020,33,43
8/3/2020,33,7
8/4/2020,33,26
8/5/2020,33,28
8/6/2020,33,16
8/25/2020,33,1
8/6/2020,33,19
8/7/2020,33,26
8/10/2020,33,26
8/11/2020,33,38
8/12/2020,33,31
8/13/2020,33,30
8/14/2020,33,20
8/17/2020,33,24
8/18/2020,33,35
8/19/2020,33,32
8/20/2020,33,51
8/21/2020,33,30
8/24/2020,33,35
8/25/2020,33,55
8/26/2020,33,33
8/27/2020,33,49
8/28/2020,33,50
8/31/2020,9,56
8/13/2020,9,1
8/18/2020,9,11
8/19/2020,9,35
8/20/2020,9,24
8/21/2020,9,24
8/24/2020,9,9
8/25/2020,9,24
8/26/2020,9,21
8/27/2020,9,26
8/28/2020,9,79
8/4/2020,9,4
8/11/2020,9,28
8/13/2020,9,11
8/14/2020,9,11
8/17/2020,9,24
8/18/2020,9,3
8/20/2020,9,9
8/21/2020,9,8
8/24/2020,9,11
8/26/2020,9,1
8/27/2020,9,1
8/30/2020,9,25
8/3/2020,9,72
8/4/2020,9,66
8/11/2020,9,27
8/13/2020,9,48
8/14/2020,9,52
8/17/2020,9,48
8/18/2020,9,47
8/19/2020,9,23
8/20/2020,9,17
8/21/2020,9,29
8/24/2020,9,58
8/25/2020,9,49
8/26/2020,9,16
8/27/2020,9,41
8/28/2020,9,11
8/31/2020,9,58
8/11/2020,10,1
8/5/2020,10,23
8/7/2020,10,34
8/12/2020,10,9
8/18/2020,10,12
8/21/2020,10,10
8/22/2020,10,17
8/24/2020,10,37
8/25/2020,10,12
8/26/2020,10,39
8/4/2020,10,10
8/8/2020,10,28
8/10/2020,10,10
8/11/2020,10,23
8/12/2020,10,4
8/15/2020,10,25
8/18/2020,10,13
8/19/2020,10,10
8/21/2020,10,4
8/22/2020,10,10
8/25/2020,10,7
8/4/2020,10,1
8/3/2020,10,73
8/4/2020,10,51
8/5/2020,10,33
8/6/2020,10,71
8/7/2020,10,27
8/10/2020,10,56
8/11/2020,10,29
8/12/2020,10,27
8/14/2020,10,43
8/17/2020,10,48
8/18/2020,10,9
8/19/2020,10,28
8/21/2020,10,24
8/24/2020,10,12
8/25/2020,10,25
8/26/2020,10,5
8/8/2020,10,14
8/11/2020,10,1
8/15/2020,10,3
8/8/2020,10,4
8/10/2020,10,0
8/15/2020,11,0
8/16/2020,11,1
8/12/2020,11,13
8/16/2020,11,28
8/24/2020,11,13
8/30/2020,11,25
8/11/2020,11,53
8/12/2020,11,21
8/13/2020,11,44
8/14/2020,11,71
8/17/2020,11,90
8/18/2020,11,71
8/19/2020,11,58
8/24/2020,11,65
8/25/2020,11,39
8/27/2020,11,50
8/28/2020,11,32
8/31/2020,11,69
8/16/2020,38,3
8/3/2020,38,11
8/4/2020,38,42
8/5/2020,38,25
8/6/2020,38,1
8/5/2020,38,15
8/6/2020,38,28
8/7/2020,38,41
8/10/2020,38,34
8/11/2020,38,41
8/12/2020,38,33
8/13/2020,38,42
8/14/2020,38,26
8/17/2020,38,36
8/18/2020,38,41
8/19/2020,38,36
8/20/2020,38,41
8/21/2020,38,34
8/24/2020,38,36
8/25/2020,38,43
8/26/2020,38,42
8/27/2020,38,48
8/28/2020,38,55
8/31/2020,177,64
8/12/2020,177,0
8/12/2020,177,0
8/2/2020,177,32
8/3/2020,177,72
8/4/2020,177,45
8/7/2020,177,118
8/8/2020,177,39
8/10/2020,177,89
8/11/2020,177,59
8/12/2020,177,67
8/13/2020,177,91
8/16/2020,177,40
8/17/2020,177,77
8/18/2020,177,80
8/20/2020,177,34
8/25/2020,177,100
8/20/2020,177,10
8/20/2020,177,13
8/25/2020,177,2
8/27/2020,177,48
8/28/2020,177,57
8/31/2020,219,58
8/4/2020,219,1
8/6/2020,219,2
8/12/2020,219,10
8/13/2020,219,48
8/19/2020,219,52
8/20/2020,219,40
8/26/2020,219,7
8/27/2020,12,1
8/5/2020,12,36
8/7/2020,12,51
8/24/2020,12,16
8/25/2020,12,23
8/26/2020,12,26
8/27/2020,12,10
8/1/2020,12,58
8/24/2020,12,2
8/3/2020,12,74
8/4/2020,12,44
8/5/2020,12,45
8/6/2020,12,31
8/7/2020,12,12
8/10/2020,12,6
8/24/2020,12,36
8/25/2020,12,19
8/26/2020,12,31
8/27/2020,12,29
8/28/2020,12,51
8/31/2020,12,55
8/24/2020,12,9
8/24/2020,13,2
8/3/2020,13,5
8/6/2020,13,21
8/12/2020,13,14
8/13/2020,13,38
8/16/2020,13,25
8/18/2020,13,32
8/20/2020,13,30
8/24/2020,13,28
8/25/2020,13,20
8/28/2020,13,58
8/31/2020,13,32
8/1/2020,13,64
8/3/2020,13,5
8/4/2020,13,5
8/5/2020,13,39
8/6/2020,13,5
8/12/2020,13,2
8/13/2020,13,8
8/16/2020,13,6
8/3/2020,13,26
8/4/2020,13,27
8/5/2020,13,14
8/6/2020,13,14
8/10/2020,13,32
8/11/2020,13,39
8/12/2020,13,21
8/13/2020,13,12
8/17/2020,13,42
8/18/2020,13,10
8/20/2020,13,19
8/24/2020,13,12
8/25/2020,13,18
8/27/2020,13,34
8/28/2020,13,13
8/31/2020,13,16
8/16/2020,14,1
8/9/2020,14,4
8/12/2020,14,15
8/13/2020,14,4
8/14/2020,14,18
8/17/2020,14,17
8/18/2020,14,30
8/20/2020,14,9
8/25/2020,14,35
8/26/2020,14,31
8/28/2020,14,57
8/31/2020,14,30
8/9/2020,14,15
8/10/2020,14,2
8/12/2020,14,8
8/13/2020,14,8
8/19/2020,14,9
8/20/2020,14,1
8/25/2020,14,3
8/10/2020,14,39
8/11/2020,14,42
8/12/2020,14,15
8/13/2020,14,32
8/14/2020,14,21
8/17/2020,14,32
8/18/2020,14,8
8/19/2020,14,27
8/20/2020,14,24
8/24/2020,14,46
8/25/2020,14,0
8/26/2020,14,14
8/27/2020,14,41
8/28/2020,14,7
8/31/2020,14,23
8/10/2020,14,9
8/25/2020,14,9
8/10/2020,14,1
8/25/2020,15,2
8/13/2020,15,5
8/4/2020,15,2
8/10/2020,15,9
8/24/2020,15,11
8/25/2020,15,10
8/26/2020,15,4
8/27/2020,15,1
8/3/2020,15,45
8/4/2020,15,36
8/5/2020,15,45
8/7/2020,15,23
8/10/2020,15,32
8/11/2020,15,29
8/12/2020,15,35
8/13/2020,15,12
8/14/2020,15,22
8/21/2020,15,24
8/24/2020,15,33
8/25/2020,15,9
8/26/2020,15,19
8/27/2020,15,24
8/28/2020,15,21
8/31/2020,,17
8/12/2020,,3
8/13/2020,,1
8/18/2020,,13
8/11/2020,,16
8/12/2020,,5
8/13/2020,,6
8/17/2020,,16
8/18/2020,,2
8/13/2020,,1
8/11/2020,,19
8/12/2020,,24
8/13/2020,,27
8/14/2020,,38
8/17/2020,,31
8/18/2020,,4
8/11/2020,272,4
8/3/2020,272,39
8/12/2020,272,13
8/13/2020,272,11
8/14/2020,272,23
8/17/2020,272,14
8/29/2020,272,48
8/30/2020,272,39
8/31/2020,272,66
8/1/2020,272,74
8/4/2020,272,10
8/7/2020,272,8
8/10/2020,272,12
8/12/2020,272,8
8/19/2020,272,16
8/29/2020,272,0
8/3/2020,272,63
8/4/2020,272,59
8/5/2020,272,75
8/6/2020,272,63
8/7/2020,272,52
8/10/2020,272,73
8/12/2020,272,24
8/13/2020,272,60
8/14/2020,272,23
8/17/2020,272,16
8/19/2020,272,27
8/31/2020,272,16
8/10/2020,272,6
8/10/2020,296,3
8/5/2020,296,24
8/6/2020,296,11
8/9/2020,296,5
8/12/2020,296,9
8/13/2020,296,6
8/4/2020,296,8
8/9/2020,296,20
8/10/2020,296,10
8/12/2020,296,8
8/13/2020,296,10
8/14/2020,296,12
8/3/2020,296,85
8/4/2020,296,63
8/5/2020,296,26
8/6/2020,296,34
8/10/2020,296,40
8/12/2020,296,44
8/13/2020,296,62
8/14/2020,296,83
8/10/2020,296,11
8/10/2020,16,1
8/12/2020,16,1
8/27/2020,16,18
8/28/2020,16,2
8/31/2020,16,60
8/5/2020,16,72
8/6/2020,16,52
8/7/2020,16,53
8/10/2020,16,60
8/11/2020,16,48
8/12/2020,16,57
8/13/2020,16,76
8/14/2020,16,46
8/17/2020,16,55
8/18/2020,16,30
8/19/2020,16,55
8/21/2020,16,30
8/24/2020,16,52
8/25/2020,16,30
8/26/2020,16,81
8/26/2020,16,12
8/27/2020,16,15
8/28/2020,16,35
8/31/2020,17,10
8/3/2020,17,15
8/6/2020,17,16
8/12/2020,17,6
8/13/2020,17,4
8/17/2020,17,12
8/18/2020,17,15
8/24/2020,17,28
8/25/2020,17,12
8/31/2020,17,18
8/4/2020,17,11
8/10/2020,17,6
8/12/2020,17,3
8/13/2020,17,13
8/19/2020,17,13
8/20/2020,17,20
8/26/2020,17,15
8/3/2020,17,41
8/4/2020,17,50
8/5/2020,17,68
8/6/2020,17,36
8/10/2020,17,38
8/11/2020,17,48
8/12/2020,17,27
8/13/2020,17,19
8/17/2020,17,36
8/18/2020,17,22
8/19/2020,17,35
8/20/2020,17,21
8/24/2020,17,13
8/25/2020,17,21
8/26/2020,17,34
8/31/2020,17,23
8/10/2020,18,7
8/21/2020,18,1
8/8/2020,18,45
8/9/2020,18,32
8/10/2020,18,4
8/11/2020,18,2
8/12/2020,18,10
8/14/2020,18,3
8/15/2020,18,4
8/17/2020,18,7
8/18/2020,18,7
8/19/2020,18,20
8/20/2020,18,4
8/21/2020,18,1
8/3/2020,18,52
8/4/2020,18,68
8/5/2020,18,52
8/6/2020,18,40
8/10/2020,18,30
8/11/2020,18,8
8/12/2020,18,5
8/14/2020,18,27
8/17/2020,18,22
8/19/2020,18,15
8/20/2020,18,14
8/21/2020,18,6
8/13/2020,18,14
8/14/2020,18,48
8/17/2020,18,9
8/26/2020,18,1
8/17/2020,18,26
8/18/2020,18,54
8/19/2020,18,60
8/20/2020,18,56
8/21/2020,18,40
8/24/2020,18,56
8/25/2020,18,53
8/26/2020,18,38
8/27/2020,18,43
8/28/2020,18,51
8/31/2020,178,43
8/12/2020,178,0
8/12/2020,178,2
8/12/2020,178,2
8/1/2020,178,39
8/3/2020,178,54
8/4/2020,178,59
8/5/2020,178,69
8/6/2020,178,60
8/7/2020,178,53
8/10/2020,178,45
8/11/2020,178,10
8/12/2020,178,44
8/13/2020,178,59
8/14/2020,178,56
8/17/2020,178,34
8/18/2020,178,48
8/19/2020,178,43
8/20/2020,178,41
8/25/2020,178,20
8/26/2020,178,34
8/31/2020,178,16
8/26/2020,178,23
8/28/2020,178,42
8/31/2020,178,26
8/31/2020,178,13
8/31/2020,19,2
8/5/2020,19,8
8/6/2020,19,20
8/19/2020,19,35
8/20/2020,19,56
8/24/2020,19,4
8/28/2020,19,36
8/31/2020,19,82
8/2/2020,19,149
8/4/2020,19,35
8/5/2020,19,52
8/10/2020,19,12
8/12/2020,19,12
8/13/2020,19,17
8/26/2020,19,4
8/27/2020,19,47
8/28/2020,19,2
8/4/2020,19,1
8/24/2020,19,1
8/3/2020,19,105
8/4/2020,19,58
8/5/2020,19,17
8/6/2020,19,29
8/7/2020,19,82
8/10/2020,19,74
8/11/2020,19,73
8/12/2020,19,58
8/13/2020,19,58
8/17/2020,19,85
8/19/2020,19,31
8/20/2020,19,4
8/21/2020,19,69
8/24/2020,19,65
8/25/2020,19,75
8/26/2020,19,67
8/27/2020,19,56
8/28/2020,19,44
8/12/2020,19,8
8/12/2020,20,1
8/12/2020,20,0
8/3/2020,20,58
8/4/2020,20,58
8/5/2020,20,53
8/6/2020,20,45
8/7/2020,20,55
8/10/2020,20,39
8/11/2020,20,45
8/12/2020,20,39
8/14/2020,20,52
8/17/2020,20,42
8/18/2020,20,38
8/19/2020,20,47
8/20/2020,20,35
8/21/2020,20,42
8/24/2020,20,30
8/25/2020,20,37
8/26/2020,20,6
8/27/2020,20,15
8/28/2020,20,1
8/20/2020,20,12
8/21/2020,20,3
8/24/2020,20,2
8/25/2020,20,0
8/26/2020,20,37
8/27/2020,20,23
8/28/2020,20,37
8/31/2020,20,48
8/12/2020,20,1
8/12/2020,21,1
8/5/2020,21,11
8/6/2020,21,16
8/16/2020,21,13
8/19/2020,21,23
8/21/2020,21,8
8/24/2020,21,4
8/26/2020,21,17
8/27/2020,21,34
8/28/2020,21,47
8/1/2020,21,63
8/7/2020,21,22
8/15/2020,21,16
8/16/2020,21,6
8/17/2020,21,20
8/20/2020,21,8
8/21/2020,21,3
8/25/2020,21,19
8/30/2020,21,20
8/3/2020,21,69
8/5/2020,21,12
8/6/2020,21,26
8/7/2020,21,33
8/17/2020,21,45
8/19/2020,21,15
8/20/2020,21,35
8/21/2020,21,8
8/24/2020,21,12
8/25/2020,21,33
8/26/2020,21,26
8/27/2020,21,8
8/28/2020,21,11
8/31/2020,21,67
8/15/2020,21,5
8/15/2020,22,1
8/17/2020,22,13
8/18/2020,22,15
8/23/2020,22,29
8/24/2020,22,26
8/25/2020,22,5
8/26/2020,22,6
8/27/2020,22,13
8/29/2020,22,27
8/30/2020,22,27
8/11/2020,22,11
8/18/2020,22,10
8/21/2020,22,9
8/23/2020,22,13
8/29/2020,22,5
8/11/2020,22,16
8/17/2020,22,27
8/18/2020,22,8
8/19/2020,22,28
8/21/2020,22,29
8/24/2020,22,28
8/25/2020,22,24
8/26/2020,22,17
8/27/2020,22,7
8/31/2020,22,31
8/11/2020,23,3
8/5/2020,23,1
8/10/2020,23,7
8/25/2020,23,10
8/26/2020,23,13
8/27/2020,23,10
8/10/2020,23,1
8/3/2020,23,82
8/4/2020,23,58
8/5/2020,23,54
8/6/2020,23,52
8/7/2020,23,70
8/10/2020,23,64
8/11/2020,23,42
8/12/2020,23,59
8/13/2020,23,37
8/17/2020,23,57
8/18/2020,23,35
8/19/2020,23,46
8/20/2020,23,44
8/24/2020,23,37
8/25/2020,23,30
8/26/2020,23,31
8/27/2020,23,47
8/31/2020,24,60
8/12/2020,24,0
8/12/2020,24,0
8/3/2020,24,57
8/4/2020,24,55
8/5/2020,24,89
8/6/2020,24,63
8/7/2020,24,55
8/10/2020,24,57
8/11/2020,24,61
8/12/2020,24,35
8/13/2020,24,53
8/14/2020,24,46
8/17/2020,24,40
8/18/2020,24,43
8/19/2020,24,46
8/20/2020,24,42
8/21/2020,24,9
8/12/2020,24,1
8/21/2020,24,14
8/24/2020,24,71
8/25/2020,24,61
8/26/2020,24,50
8/27/2020,24,78
8/28/2020,24,72
8/12/2020,24,1
8/12/2020,25,0
8/5/2020,25,15
8/19/2020,25,13
8/23/2020,25,7
8/24/2020,25,13
8/27/2020,25,7
8/28/2020,25,37
8/31/2020,25,33
8/4/2020,25,4
8/5/2020,25,29
8/10/2020,25,4
8/13/2020,25,11
8/18/2020,25,13
8/23/2020,25,10
8/24/2020,25,1
8/3/2020,25,53
8/4/2020,25,52
8/5/2020,25,20
8/6/2020,25,60
8/10/2020,25,45
8/13/2020,25,36
8/14/2020,25,17
8/17/2020,25,48
8/18/2020,25,17
8/19/2020,25,15
8/20/2020,25,33
8/21/2020,25,55
8/24/2020,25,34
8/25/2020,25,31
8/27/2020,25,35
8/28/2020,25,12
8/31/2020,25,11
8/24/2020,25,5
8/24/2020,26,1
8/1/2020,26,37
8/2/2020,26,29
8/3/2020,26,43
8/6/2020,26,40
8/7/2020,26,34
8/8/2020,26,11
8/9/2020,26,44
8/10/2020,26,34
8/11/2020,26,35
8/14/2020,26,31
8/15/2020,26,32
8/17/2020,26,31
8/21/2020,26,25
8/22/2020,26,10
8/23/2020,26,34
8/8/2020,26,5
8/21/2020,26,3
8/22/2020,26,10
8/24/2020,26,13
8/29/2020,26,47
8/30/2020,26,21
8/21/2020,26,4
8/24/2020,26,30
8/25/2020,26,48
8/31/2020,26,46
8/8/2020,26,24
8/8/2020,220,7
8/4/2020,220,7
8/8/2020,220,17
8/26/2020,220,4
8/27/2020,220,1
8/4/2020,220,1
8/6/2020,220,1
8/3/2020,220,79
8/4/2020,220,47
8/5/2020,220,50
8/6/2020,220,49
8/7/2020,220,90
8/10/2020,220,61
8/11/2020,220,46
8/12/2020,220,45
8/26/2020,220,40
8/27/2020,220,16
8/28/2020,220,48
8/31/2020,220,51
8/8/2020,220,15
8/8/2020,27,7
8/4/2020,27,35
8/12/2020,27,26
8/13/2020,27,16
8/15/2020,27,46
8/16/2020,27,39
8/24/2020,27,2
8/11/2020,27,1
8/3/2020,27,83
8/4/2020,27,52
8/5/2020,27,84
8/10/2020,27,86
8/11/2020,27,74
8/12/2020,27,53
8/13/2020,27,53
8/17/2020,27,70
8/20/2020,27,51
8/21/2020,27,54
8/24/2020,27,73
8/25/2020,27,76
8/26/2020,27,60
8/15/2020,27,7
8/16/2020,27,4
8/15/2020,28,1
8/12/2020,28,0
8/13/2020,28,0
8/17/2020,28,1
8/18/2020,28,0
8/3/2020,28,34
8/4/2020,28,32
8/5/2020,28,46
8/6/2020,28,34
8/7/2020,28,19
8/10/2020,28,27
8/11/2020,28,31
8/12/2020,28,25
8/13/2020,28,19
8/17/2020,28,14
8/18/2020,28,18
8/19/2020,28,18
8/20/2020,28,24
8/21/2020,28,35
8/23/2020,28,25
8/24/2020,28,34
8/25/2020,28,27
8/26/2020,28,29
8/27/2020,28,23
8/31/2020,29,21
8/5/2020,29,24
8/6/2020,29,26
8/24/2020,29,39
8/25/2020,29,27
8/26/2020,29,54
8/27/2020,29,44
8/28/2020,29,79
8/31/2020,29,95
8/4/2020,29,10
8/3/2020,29,76
8/4/2020,29,64
8/5/2020,29,50
8/6/2020,29,18
8/24/2020,29,32
8/25/2020,29,21
8/26/2020,29,9
8/27/2020,29,29
8/28/2020,29,11
8/31/2020,30,5
8/10/2020,30,64
8/11/2020,30,84
8/12/2020,30,63
8/13/2020,30,51
8/17/2020,30,34
8/18/2020,30,47
8/19/2020,30,62
8/21/2020,30,34
8/24/2020,30,108
8/25/2020,30,102
8/26/2020,30,28
8/27/2020,30,57
8/28/2020,30,43
8/10/2020,30,0
8/13/2020,30,0
8/17/2020,30,13
8/10/2020,30,5
8/12/2020,30,27
8/13/2020,30,14
8/18/2020,30,41
8/10/2020,30,32
8/11/2020,30,15
8/12/2020,30,16
8/13/2020,30,21
8/14/2020,30,36
8/17/2020,30,25
8/18/2020,30,15
8/19/2020,30,19
8/21/2020,30,15
8/24/2020,30,8
8/25/2020,30,15
8/26/2020,30,38
8/27/2020,30,20
8/28/2020,30,26
8/31/2020,30,71
8/18/2020,30,18
8/24/2020,31,1
8/12/2020,31,3
8/13/2020,31,8
8/18/2020,31,12
8/24/2020,31,4
8/25/2020,31,20
8/31/2020,31,18
8/10/2020,31,5
8/11/2020,31,16
8/12/2020,31,1
8/13/2020,31,2
8/24/2020,31,1
8/10/2020,31,53
8/11/2020,31,26
8/12/2020,31,33
8/13/2020,31,19
8/14/2020,31,54
8/17/2020,31,66
8/18/2020,31,16
8/19/2020,31,43
8/20/2020,31,39
8/24/2020,31,26
8/25/2020,31,6
8/28/2020,31,36
8/31/2020,31,15
8/11/2020,32,3
8/9/2020,32,5
8/12/2020,32,20
8/16/2020,32,17
8/18/2020,32,19
8/22/2020,32,15
8/25/2020,32,13
8/26/2020,32,22
8/29/2020,32,27
8/31/2020,32,34
8/1/2020,32,66
8/2/2020,32,69
8/4/2020,32,8
8/8/2020,32,59
8/9/2020,32,28
8/10/2020,32,7
8/11/2020,32,25
8/12/2020,32,1
8/15/2020,32,23
8/16/2020,32,5
8/22/2020,32,15
8/25/2020,32,5
8/29/2020,32,11
8/3/2020,32,46
8/4/2020,32,36
8/10/2020,32,30
8/11/2020,32,31
8/12/2020,32,14
8/14/2020,32,19
8/18/2020,32,12
8/20/2020,32,19
8/24/2020,32,6
8/25/2020,32,3
8/26/2020,32,4
8/31/2020,32,14
8/11/2020,32,3
8/15/2020,32,3
8/16/2020,32,2
8/25/2020,32,15
8/11/2020,32,1
8/15/2020,32,1
8/25/2020,34,5
8/2/2020,34,79
8/7/2020,34,15
8/12/2020,34,23
8/27/2020,34,1
8/31/2020,34,39
8/3/2020,34,1
8/6/2020,34,1
8/3/2020,34,58
8/5/2020,34,69
8/6/2020,34,53
8/7/2020,34,57
8/10/2020,34,70
8/11/2020,34,46
8/12/2020,34,26
8/13/2020,34,47
8/18/2020,34,50
8/19/2020,34,49
8/20/2020,34,51
8/21/2020,34,44
8/24/2020,34,48
8/26/2020,34,41
8/27/2020,34,49
8/28/2020,34,51
8/31/2020,34,7
8/31/2020,34,20
8/31/2020,35,1
8/3/2020,35,10
8/4/2020,35,32
8/5/2020,35,26
8/29/2020,35,38
8/31/2020,35,13
8/6/2020,35,1
8/5/2020,35,9
8/6/2020,35,31
8/7/2020,35,46
8/10/2020,35,35
8/11/2020,35,34
8/12/2020,35,32
8/13/2020,35,43
8/14/2020,35,21
8/17/2020,35,48
8/18/2020,35,48
8/19/2020,35,34
8/20/2020,35,37
8/21/2020,35,37
8/24/2020,35,37
8/25/2020,35,50
8/26/2020,35,39
8/28/2020,35,54
8/31/2020,36,33
8/12/2020,36,0
8/12/2020,36,0
8/3/2020,36,41
8/4/2020,36,66
8/5/2020,36,68
8/6/2020,36,63
8/7/2020,36,58
8/10/2020,36,54
8/11/2020,36,55
8/12/2020,36,53
8/13/2020,36,45
8/14/2020,36,66
8/17/2020,36,67
8/18/2020,36,53
8/19/2020,36,59
8/20/2020,36,26
8/24/2020,36,48
8/25/2020,36,55
8/26/2020,36,69
8/12/2020,36,1
8/27/2020,36,10
8/20/2020,36,12
8/21/2020,36,15
8/24/2020,36,1
8/25/2020,36,1
8/27/2020,36,32
8/31/2020,36,44
8/12/2020,36,1
8/21/2020,36,7
8/27/2020,36,3
8/21/2020,37,0
8/4/2020,37,24
8/5/2020,37,50
8/6/2020,37,8
8/12/2020,37,13
8/26/2020,37,10
8/27/2020,37,20
8/6/2020,37,1
8/3/2020,37,82
8/4/2020,37,45
8/5/2020,37,12
8/6/2020,37,42
8/7/2020,37,70
8/10/2020,37,63
8/11/2020,37,48
8/12/2020,37,34
8/13/2020,37,36
8/14/2020,37,41
8/17/2020,37,52
8/18/2020,37,62
8/19/2020,37,48
8/20/2020,37,53
8/21/2020,37,49
8/24/2020,37,62
8/25/2020,37,48
8/26/2020,37,56
8/27/2020,37,26
8/31/2020,297,54
8/4/2020,297,0
8/6/2020,297,0
8/11/2020,39,0
8/17/2020,39,5
8/18/2020,39,29
8/19/2020,39,23
8/20/2020,39,21
8/21/2020,39,23
8/24/2020,39,18
8/3/2020,39,10
8/4/2020,39,43
8/5/2020,39,7
8/6/2020,39,12
8/10/2020,39,25
8/11/2020,39,43
8/12/2020,39,23
8/13/2020,39,16
8/14/2020,39,30
8/17/2020,39,26
8/1/2020,39,18
8/2/2020,39,28
8/3/2020,39,1
8/4/2020,39,9
8/5/2020,39,1
8/6/2020,39,1
8/11/2020,39,3
8/12/2020,39,7
8/13/2020,39,12
8/14/2020,39,1
8/17/2020,39,1
8/19/2020,39,1
8/1/2020,39,0
8/2/2020,179,4
8/3/2020,179,46
8/4/2020,179,44
8/5/2020,179,35
8/6/2020,179,51
8/7/2020,179,7
8/10/2020,179,30
8/11/2020,179,28
8/19/2020,179,50
8/20/2020,179,50
8/21/2020,179,26
8/25/2020,179,27
8/26/2020,179,30
8/27/2020,179,28
8/28/2020,179,29
8/31/2020,179,39
8/7/2020,179,19
8/10/2020,179,6
8/11/2020,179,17
8/13/2020,179,33
8/14/2020,179,32
8/17/2020,179,25
8/18/2020,179,8
8/25/2020,179,2
8/27/2020,179,2
8/28/2020,179,1
8/31/2020,179,2
8/8/2020,179,55
8/11/2020,179,1
8/13/2020,179,10
8/17/2020,179,9
8/18/2020,179,29
8/19/2020,179,1
8/25/2020,179,8
8/27/2020,179,6
8/28/2020,179,9
8/31/2020,179,7
8/18/2020,179,7
8/31/2020,40,2
8/4/2020,40,2
8/5/2020,40,3
8/18/2020,40,62
8/19/2020,40,45
8/20/2020,40,67
8/21/2020,40,50
8/22/2020,40,41
8/24/2020,40,39
8/25/2020,40,32
8/26/2020,40,28
8/27/2020,40,20
8/28/2020,40,43
8/31/2020,40,14
8/3/2020,40,24
8/4/2020,40,21
8/5/2020,40,38
8/6/2020,40,42
8/7/2020,40,47
8/17/2020,40,37
8/18/2020,40,6
8/27/2020,40,6
8/28/2020,40,1
8/2/2020,40,45
8/3/2020,40,9
8/4/2020,40,7
8/5/2020,40,3
8/6/2020,40,1
8/17/2020,40,1
8/19/2020,40,1
8/25/2020,40,10
8/26/2020,40,18
8/27/2020,40,13
8/28/2020,40,21
8/31/2020,40,3
8/2/2020,40,3
8/26/2020,40,1
8/27/2020,40,2
8/28/2020,40,1
8/31/2020,41,1
8/12/2020,41,14
8/13/2020,41,24
8/14/2020,41,43
8/17/2020,41,28
8/18/2020,41,37
8/19/2020,41,2
8/3/2020,41,11
8/5/2020,41,24
8/10/2020,41,19
8/11/2020,41,30
8/12/2020,41,2
8/19/2020,41,14
8/20/2020,41,9
8/21/2020,41,11
8/24/2020,41,7
8/25/2020,41,8
8/26/2020,41,10
8/27/2020,41,14
8/28/2020,41,10
8/3/2020,41,3
8/10/2020,41,1
8/11/2020,41,5
8/12/2020,41,3
8/19/2020,41,19
8/20/2020,41,16
8/21/2020,41,7
8/24/2020,41,26
8/25/2020,41,32
8/26/2020,41,39
8/27/2020,41,27
8/28/2020,41,30
8/19/2020,41,2
8/20/2020,41,2
8/24/2020,41,1
8/25/2020,41,1
8/26/2020,41,4
8/27/2020,41,4
8/20/2020,265,1
8/21/2020,265,26
8/28/2020,265,57
8/31/2020,265,21
8/5/2020,265,25
8/6/2020,265,35
8/7/2020,265,40
8/12/2020,265,42
8/13/2020,265,21
8/17/2020,265,53
8/21/2020,265,8
8/31/2020,265,4
8/5/2020,265,2
8/6/2020,265,1
8/12/2020,265,12
8/13/2020,265,8
8/17/2020,265,3
8/21/2020,265,12
8/28/2020,265,11
8/29/2020,265,43
8/31/2020,265,7
8/21/2020,265,1
8/28/2020,265,2
8/29/2020,42,5
8/18/2020,42,59
8/19/2020,42,52
8/21/2020,42,10
8/22/2020,42,47
8/24/2020,42,34
8/25/2020,42,26
8/26/2020,42,29
8/27/2020,42,34
8/31/2020,42,22
8/3/2020,42,35
8/4/2020,42,9
8/7/2020,42,5
8/10/2020,42,41
8/11/2020,42,13
8/12/2020,42,37
8/13/2020,42,35
8/18/2020,42,2
8/19/2020,42,4
8/20/2020,42,1
8/21/2020,42,2
8/3/2020,42,9
8/4/2020,42,2
8/8/2020,42,13
8/10/2020,42,2
8/11/2020,42,1
8/12/2020,42,6
8/13/2020,42,20
8/18/2020,42,13
8/19/2020,42,7
8/20/2020,42,28
8/21/2020,42,9
8/25/2020,42,3
8/26/2020,42,20
8/27/2020,42,13
8/31/2020,42,1
8/19/2020,42,2
8/20/2020,42,1
8/26/2020,42,3
8/27/2020,44,1
8/5/2020,44,37
8/6/2020,44,1
8/12/2020,44,25
8/13/2020,44,31
8/26/2020,44,21
8/27/2020,44,23
8/20/2020,44,1
8/3/2020,44,29
8/5/2020,44,2
8/6/2020,44,1
8/11/2020,44,25
8/12/2020,44,15
8/17/2020,44,28
8/18/2020,44,10
8/20/2020,44,12
8/24/2020,44,13
8/3/2020,44,11
8/5/2020,44,1
8/11/2020,44,5
8/17/2020,44,6
8/18/2020,44,29
8/20/2020,44,22
8/24/2020,44,24
8/26/2020,44,19
8/18/2020,44,5
8/20/2020,44,1
8/24/2020,44,2
8/24/2020,45,0
8/4/2020,45,35
8/5/2020,45,1
8/12/2020,45,9
8/24/2020,45,16
8/25/2020,45,13
8/26/2020,45,19
8/27/2020,45,30
8/28/2020,45,39
8/31/2020,45,30
8/3/2020,45,43
8/4/2020,45,9
8/5/2020,45,19
8/6/2020,45,41
8/7/2020,45,62
8/10/2020,45,47
8/11/2020,45,17
8/12/2020,45,38
8/13/2020,45,45
8/14/2020,45,58
8/24/2020,45,3
8/25/2020,45,6
8/27/2020,45,1
8/31/2020,45,1
8/3/2020,45,15
8/4/2020,45,4
8/5/2020,45,39
8/6/2020,45,4
8/9/2020,45,27
8/10/2020,45,1
8/11/2020,45,8
8/12/2020,45,6
8/13/2020,45,8
8/14/2020,45,1
8/15/2020,45,42
8/24/2020,45,13
8/25/2020,45,12
8/27/2020,45,5
8/28/2020,45,13
8/29/2020,45,51
8/30/2020,45,35
8/31/2020,45,3
8/24/2020,45,2
8/27/2020,45,1
8/28/2020,45,1
8/29/2020,45,2
8/30/2020,45,2
8/31/2020,46,1
8/18/2020,46,46
8/19/2020,46,2
8/3/2020,46,35
8/4/2020,46,25
8/5/2020,46,28
8/10/2020,46,34
8/11/2020,46,31
8/13/2020,46,40
8/14/2020,46,26
8/17/2020,46,27
8/18/2020,46,10
8/19/2020,46,10
8/20/2020,46,8
8/24/2020,46,12
8/25/2020,46,20
8/26/2020,46,6
8/27/2020,46,9
8/28/2020,46,11
8/31/2020,46,7
8/3/2020,46,7
8/4/2020,46,5
8/5/2020,46,1
8/10/2020,46,3
8/11/2020,46,3
8/16/2020,46,42
8/17/2020,46,1
8/18/2020,46,7
8/19/2020,46,38
8/20/2020,46,31
8/24/2020,46,27
8/25/2020,46,38
8/26/2020,46,23
8/27/2020,46,17
8/28/2020,46,53
8/31/2020,46,27
8/18/2020,46,1
8/19/2020,46,3
8/20/2020,46,3
8/24/2020,46,1
8/25/2020,46,5
8/26/2020,46,5
8/27/2020,46,0
8/28/2020,46,2
8/31/2020,46,3
8/25/2020,47,1
8/4/2020,47,16
8/5/2020,47,18
8/6/2020,47,20
8/11/2020,47,36
8/12/2020,47,62
8/19/2020,47,51
8/20/2020,47,43
8/21/2020,47,33
8/24/2020,47,40
8/25/2020,47,28
8/26/2020,47,33
8/27/2020,47,30
8/31/2020,47,36
8/4/2020,47,6
8/6/2020,47,17
8/7/2020,47,30
8/10/2020,47,31
8/11/2020,47,6
8/25/2020,47,1
8/4/2020,47,2
8/5/2020,47,20
8/7/2020,47,1
8/25/2020,47,6
8/27/2020,47,6
8/31/2020,47,6
8/25/2020,48,1
8/6/2020,48,7
8/7/2020,48,4
8/11/2020,48,11
8/24/2020,48,19
8/25/2020,48,17
8/26/2020,48,6
8/27/2020,48,4
8/26/2020,48,1
8/3/2020,48,24
8/4/2020,48,26
8/5/2020,48,17
8/6/2020,48,17
8/7/2020,48,26
8/10/2020,48,40
8/11/2020,48,22
8/12/2020,48,32
8/13/2020,48,21
8/18/2020,48,13
8/19/2020,48,6
8/20/2020,48,12
8/21/2020,48,18
8/24/2020,48,3
8/25/2020,48,1
8/26/2020,48,6
8/27/2020,48,9
8/31/2020,48,18
8/3/2020,48,4
8/4/2020,48,1
8/10/2020,48,1
8/12/2020,48,2
8/13/2020,48,11
8/18/2020,48,29
8/19/2020,48,29
8/20/2020,48,13
8/21/2020,48,14
8/24/2020,48,6
8/25/2020,48,11
8/26/2020,48,24
8/27/2020,48,17
8/31/2020,48,12
8/18/2020,48,2
8/20/2020,48,1
8/21/2020,48,1
8/24/2020,48,1
8/26/2020,48,3
8/31/2020,49,6
8/11/2020,49,2
8/19/2020,49,45
8/20/2020,49,49
8/21/2020,49,32
8/23/2020,49,32
8/24/2020,49,32
8/25/2020,49,30
8/26/2020,49,18
8/27/2020,49,35
8/28/2020,49,33
8/31/2020,49,19
8/3/2020,49,36
8/4/2020,49,46
8/10/2020,49,47
8/11/2020,49,43
8/12/2020,49,45
8/13/2020,49,49
8/14/2020,49,36
8/17/2020,49,53
8/19/2020,49,0
8/25/2020,49,2
8/26/2020,49,6
8/27/2020,49,3
8/28/2020,49,2
8/31/2020,49,6
8/1/2020,49,51
8/3/2020,49,7
8/9/2020,49,60
8/12/2020,49,9
8/13/2020,49,4
8/15/2020,49,50
8/17/2020,49,1
8/19/2020,49,1
8/25/2020,49,13
8/26/2020,49,14
8/27/2020,49,10
8/28/2020,49,15
8/30/2020,49,19
8/31/2020,49,7
8/1/2020,49,6
8/25/2020,49,2
8/27/2020,49,1
8/30/2020,49,3
8/31/2020,50,2
8/3/2020,50,13
8/4/2020,50,12
8/5/2020,50,3
8/6/2020,50,12
8/7/2020,50,10
8/10/2020,50,10
8/11/2020,50,9
8/12/2020,50,10
8/13/2020,50,9
8/14/2020,50,13
8/15/2020,50,10
8/17/2020,50,14
8/18/2020,50,12
8/24/2020,50,13
8/25/2020,50,13
8/26/2020,50,19
8/27/2020,50,9
8/11/2020,50,8
8/12/2020,50,4
8/15/2020,50,1
8/17/2020,50,7
8/18/2020,50,4
8/19/2020,50,1
8/11/2020,50,19
8/12/2020,50,27
8/15/2020,50,15
8/17/2020,50,11
8/18/2020,50,10
8/19/2020,50,5
8/11/2020,50,11
8/12/2020,50,6
8/15/2020,50,21
8/17/2020,50,17
8/18/2020,50,11
8/19/2020,51,14
8/7/2020,51,4
8/8/2020,51,3
8/11/2020,51,10
8/12/2020,51,10
8/13/2020,51,2
8/24/2020,51,0
8/25/2020,51,1
8/28/2020,51,1
8/29/2020,51,1
8/30/2020,51,5
8/7/2020,51,16
8/8/2020,51,36
8/11/2020,51,34
8/12/2020,51,29
8/13/2020,51,4
8/24/2020,51,6
8/25/2020,51,8
8/28/2020,51,3
8/30/2020,51,75
8/7/2020,51,31
8/8/2020,51,23
8/11/2020,51,19
8/12/2020,51,19
8/13/2020,51,37
8/24/2020,51,26
8/25/2020,51,17
8/28/2020,51,29
8/29/2020,51,29
8/30/2020,51,2
8/31/2020,51,19
8/31/2020,51,1
8/31/2020,52,3
8/20/2020,52,0
8/3/2020,52,5
8/4/2020,52,1
8/5/2020,52,6
8/6/2020,52,3
8/9/2020,52,9
8/10/2020,52,8
8/11/2020,52,9
8/12/2020,52,11
8/13/2020,52,4
8/14/2020,52,2
8/17/2020,52,10
8/18/2020,52,3
8/19/2020,52,2
8/20/2020,52,1
8/21/2020,52,3
8/22/2020,52,0
8/24/2020,52,2
8/25/2020,52,3
8/30/2020,52,4
8/31/2020,52,0
8/3/2020,52,24
8/4/2020,52,27
8/5/2020,52,34
8/6/2020,52,33
8/9/2020,52,53
8/10/2020,52,37
8/11/2020,52,27
8/12/2020,52,21
8/13/2020,52,5
8/14/2020,52,17
8/17/2020,52,16
8/18/2020,52,24
8/19/2020,52,4
8/20/2020,52,7
8/21/2020,52,4
8/22/2020,52,13
8/24/2020,52,13
8/25/2020,52,19
8/30/2020,52,60
8/31/2020,52,6
8/3/2020,52,1
8/4/2020,52,11
8/5/2020,52,8
8/6/2020,52,6
8/9/2020,52,10
8/10/2020,52,8
8/11/2020,52,7
8/12/2020,52,9
8/13/2020,52,30
8/14/2020,52,16
8/17/2020,52,18
8/18/2020,52,20
8/19/2020,52,23
8/20/2020,52,13
8/21/2020,52,17
8/22/2020,52,27
8/24/2020,52,20
8/25/2020,52,8
8/30/2020,52,2
8/31/2020,286,18
8/3/2020,286,39
8/4/2020,286,18
8/5/2020,286,25
8/6/2020,286,25
8/7/2020,286,26
8/8/2020,286,34
8/10/2020,286,34
8/11/2020,286,30
8/12/2020,53,24
8/3/2020,53,9
8/4/2020,53,11
8/8/2020,53,9
8/10/2020,53,12
8/11/2020,53,6
8/12/2020,53,7
8/17/2020,53,10
8/18/2020,53,10
8/19/2020,53,10
8/24/2020,53,9
8/25/2020,53,8
8/18/2020,53,1
8/18/2020,298,4
8/3/2020,298,33
8/4/2020,298,37
8/6/2020,298,18
8/8/2020,298,35
8/10/2020,298,22
8/11/2020,298,26
8/12/2020,298,22
8/13/2020,298,37
8/14/2020,298,24
8/18/2020,298,26
8/19/2020,266,27
8/3/2020,266,19
8/4/2020,266,18
8/5/2020,266,8
8/6/2020,266,21
8/7/2020,266,17
8/15/2020,266,19
8/17/2020,266,16
8/18/2020,266,20
8/21/2020,266,1
8/28/2020,266,8
8/31/2020,266,13
8/31/2020,54,2
8/21/2020,54,0
8/20/2020,54,0
8/21/2020,54,0
8/24/2020,54,0
8/20/2020,54,0
8/3/2020,54,10
8/4/2020,54,8
8/6/2020,54,5
8/7/2020,54,4
8/9/2020,54,8
8/10/2020,54,7
8/11/2020,54,5
8/17/2020,54,3
8/18/2020,54,2
8/19/2020,54,2
8/20/2020,54,2
8/21/2020,54,2
8/25/2020,54,0
8/26/2020,54,2
8/27/2020,54,1
8/28/2020,54,1
8/31/2020,54,2
8/3/2020,54,40
8/4/2020,54,29
8/6/2020,54,23
8/7/2020,54,30
8/9/2020,54,61
8/10/2020,54,48
8/11/2020,54,29
8/17/2020,54,3
8/18/2020,54,5
8/19/2020,54,8
8/20/2020,54,7
8/21/2020,54,1
8/22/2020,54,4
8/24/2020,54,2
8/25/2020,54,1
8/26/2020,54,4
8/27/2020,54,13
8/28/2020,54,4
8/31/2020,54,11
8/3/2020,54,10
8/4/2020,54,28
8/6/2020,54,13
8/7/2020,54,22
8/9/2020,54,10
8/10/2020,54,15
8/11/2020,54,15
8/17/2020,54,39
8/18/2020,54,43
8/19/2020,54,28
8/20/2020,54,36
8/21/2020,54,29
8/22/2020,54,53
8/24/2020,54,39
8/25/2020,54,42
8/26/2020,54,39
8/27/2020,54,36
8/28/2020,54,38
8/31/2020,55,40
8/5/2020,55,13
8/6/2020,55,14
8/7/2020,55,18
8/10/2020,55,12
8/11/2020,55,18
8/12/2020,55,0
8/13/2020,55,22
8/14/2020,55,3
8/18/2020,55,13
8/20/2020,55,14
8/21/2020,55,0
8/24/2020,55,14
8/25/2020,55,3
8/26/2020,55,31
8/18/2020,55,1
8/24/2020,55,4
8/25/2020,55,3
8/18/2020,55,0
8/24/2020,55,3
8/25/2020,180,3
8/20/2020,180,0
8/5/2020,180,36
8/6/2020,180,28
8/7/2020,180,33
8/8/2020,180,21
8/12/2020,180,22
8/13/2020,180,21
8/14/2020,180,19
8/15/2020,180,37
8/18/2020,180,34
8/20/2020,180,24
8/21/2020,180,28
8/25/2020,180,23
8/26/2020,180,37
8/27/2020,180,33
8/28/2020,180,41
8/31/2020,180,27
8/18/2020,180,2
8/31/2020,180,2
8/18/2020,180,3
8/31/2020,221,1
8/20/2020,221,0
8/14/2020,221,3
8/17/2020,221,2
8/18/2020,221,5
8/19/2020,221,3
8/20/2020,221,0
8/21/2020,221,5
8/26/2020,221,5
8/27/2020,221,9
8/28/2020,221,10
8/29/2020,221,8
8/14/2020,221,4
8/15/2020,221,2
8/17/2020,221,6
8/18/2020,221,3
8/19/2020,221,4
8/20/2020,221,3
8/21/2020,221,3
8/26/2020,221,9
8/27/2020,221,14
8/28/2020,221,12
8/29/2020,221,4
8/20/2020,221,0
8/30/2020,221,24
8/4/2020,221,23
8/5/2020,221,31
8/6/2020,221,22
8/8/2020,221,24
8/9/2020,221,20
8/11/2020,221,19
8/12/2020,221,22
8/13/2020,221,31
8/14/2020,221,19
8/15/2020,221,29
8/17/2020,221,29
8/18/2020,221,24
8/19/2020,221,14
8/20/2020,221,20
8/21/2020,221,18
8/26/2020,221,9
8/27/2020,221,7
8/28/2020,221,7
8/29/2020,221,12
8/30/2020,252,1
8/8/2020,252,3
8/10/2020,252,10
8/11/2020,252,4
8/12/2020,252,7
8/19/2020,252,1
8/20/2020,252,1
8/27/2020,252,4
8/28/2020,252,5
8/29/2020,252,1
8/8/2020,252,28
8/10/2020,252,33
8/11/2020,252,30
8/12/2020,252,27
8/19/2020,252,5
8/20/2020,252,2
8/27/2020,252,14
8/28/2020,252,26
8/29/2020,252,2
8/8/2020,252,6
8/10/2020,252,7
8/11/2020,252,8
8/12/2020,252,5
8/19/2020,252,11
8/20/2020,252,9
8/27/2020,252,21
8/28/2020,252,18
8/29/2020,181,29
8/21/2020,181,0
8/3/2020,181,22
8/4/2020,181,26
8/5/2020,181,18
8/6/2020,181,31
8/10/2020,181,34
8/11/2020,181,19
8/12/2020,181,20
8/17/2020,181,34
8/18/2020,181,16
8/19/2020,181,9
8/21/2020,181,6
8/22/2020,181,38
8/25/2020,181,22
8/27/2020,181,20
8/29/2020,181,44
8/18/2020,181,1
8/18/2020,56,1
8/10/2020,56,3
8/11/2020,56,1
8/12/2020,56,3
8/13/2020,56,1
8/17/2020,56,3
8/18/2020,56,1
8/24/2020,56,6
8/25/2020,56,6
8/26/2020,56,1
8/27/2020,56,3
8/28/2020,56,2
8/31/2020,56,2
8/10/2020,56,10
8/11/2020,56,19
8/12/2020,56,21
8/13/2020,56,9
8/17/2020,56,5
8/18/2020,56,6
8/21/2020,56,3
8/24/2020,56,18
8/25/2020,56,7
8/26/2020,56,6
8/27/2020,56,12
8/28/2020,56,5
8/31/2020,56,10
8/10/2020,56,18
8/11/2020,56,11
8/12/2020,56,10
8/13/2020,56,17
8/17/2020,56,17
8/18/2020,56,21
8/21/2020,56,14
8/24/2020,56,14
8/25/2020,56,16
8/26/2020,56,27
8/27/2020,56,16
8/28/2020,56,24
8/31/2020,57,13
8/20/2020,57,0
8/19/2020,57,0
8/3/2020,57,3
8/10/2020,57,3
8/11/2020,57,8
8/12/2020,57,2
8/18/2020,57,2
8/19/2020,57,3
8/20/2020,57,0
8/21/2020,57,4
8/22/2020,57,1
8/19/2020,57,1
8/3/2020,57,10
8/10/2020,57,38
8/11/2020,57,37
8/12/2020,57,32
8/18/2020,57,16
8/19/2020,57,10
8/20/2020,57,13
8/21/2020,57,9
8/22/2020,57,1
8/24/2020,57,1
8/3/2020,57,5
8/10/2020,57,3
8/11/2020,57,5
8/12/2020,57,11
8/18/2020,57,12
8/19/2020,57,17
8/20/2020,57,18
8/21/2020,57,17
8/22/2020,57,10
8/24/2020,58,10
8/28/2020,58,0
8/3/2020,58,0
8/5/2020,58,1
8/6/2020,58,0
8/7/2020,58,0
8/10/2020,58,0
8/12/2020,58,0
8/13/2020,58,1
8/16/2020,58,0
8/17/2020,58,0
8/18/2020,58,0
8/19/2020,58,0
8/22/2020,58,0
8/23/2020,58,0
8/24/2020,58,0
8/25/2020,58,0
8/28/2020,58,0
8/29/2020,59,0
8/1/2020,59,0
8/3/2020,59,0
8/4/2020,59,0
8/5/2020,59,0
8/7/2020,59,0
8/8/2020,59,0
8/9/2020,59,0
8/10/2020,59,0
8/11/2020,59,0
8/14/2020,59,0
8/17/2020,59,0
8/20/2020,59,0
8/21/2020,59,0
8/24/2020,59,0
8/25/2020,59,0
8/26/2020,59,0
8/27/2020,59,0
8/31/2020,222,0
8/2/2020,222,0
8/13/2020,222,2
8/14/2020,222,0
8/15/2020,222,0
8/18/2020,222,0
8/19/2020,222,0
8/20/2020,222,0
8/21/2020,222,0
8/26/2020,222,0
8/27/2020,222,0
8/28/2020,222,0
8/30/2020,222,0
8/31/2020,60,0
8/3/2020,60,4
8/4/2020,60,5
8/6/2020,60,6
8/7/2020,60,3
8/19/2020,60,1
8/22/2020,60,0
8/24/2020,60,2
8/25/2020,60,3
8/26/2020,60,3
8/27/2020,60,3
8/28/2020,60,3
8/31/2020,60,4
8/3/2020,60,20
8/4/2020,60,20
8/6/2020,60,31
8/7/2020,60,22
8/19/2020,60,1
8/22/2020,60,4
8/24/2020,60,10
8/25/2020,60,11
8/26/2020,60,6
8/27/2020,60,15
8/28/2020,60,10
8/31/2020,60,18
8/3/2020,60,28
8/4/2020,60,10
8/6/2020,60,11
8/7/2020,60,10
8/19/2020,60,14
8/22/2020,60,34
8/24/2020,60,14
8/25/2020,60,15
8/26/2020,60,33
8/27/2020,60,19
8/28/2020,60,34
8/31/2020,61,12
8/24/2020,61,0
8/20/2020,61,1
8/20/2020,61,0
8/11/2020,61,28
8/12/2020,61,32
8/13/2020,61,27
8/14/2020,61,47
8/15/2020,61,44
8/17/2020,61,51
8/18/2020,61,43
8/19/2020,61,39
8/20/2020,61,30
8/21/2020,61,38
8/22/2020,61,72
8/24/2020,61,37
8/25/2020,61,32
8/26/2020,61,38
8/27/2020,61,32
8/31/2020,61,37
8/18/2020,61,1
8/31/2020,61,1
8/18/2020,61,4
8/31/2020,62,1
8/21/2020,62,1
8/3/2020,62,5
8/14/2020,62,0
8/17/2020,62,13
8/18/2020,62,9
8/19/2020,62,4
8/20/2020,62,3
8/21/2020,62,4
8/24/2020,62,1
8/25/2020,62,4
8/26/2020,62,6
8/27/2020,62,3
8/28/2020,62,5
8/3/2020,62,10
8/14/2020,62,12
8/17/2020,62,18
8/18/2020,62,17
8/19/2020,62,13
8/20/2020,62,14
8/21/2020,62,10
8/24/2020,62,3
8/25/2020,62,18
8/26/2020,62,12
8/27/2020,62,17
8/28/2020,62,13
8/3/2020,62,28
8/4/2020,62,2
8/5/2020,62,25
8/6/2020,62,29
8/7/2020,62,32
8/8/2020,62,19
8/13/2020,62,21
8/14/2020,62,19
8/17/2020,62,16
8/18/2020,62,16
8/19/2020,62,9
8/20/2020,62,12
8/21/2020,62,8
8/24/2020,62,31
8/25/2020,62,18
8/26/2020,62,16
8/27/2020,62,27
8/28/2020,62,36
8/31/2020,62,35
8/18/2020,62,2
8/31/2020,62,1
8/18/2020,62,2
8/31/2020,63,3
8/25/2020,63,0
8/21/2020,63,0
8/3/2020,63,32
8/4/2020,63,29
8/5/2020,63,32
8/7/2020,63,14
8/8/2020,63,31
8/10/2020,63,33
8/11/2020,63,25
8/14/2020,63,25
8/15/2020,63,32
8/17/2020,63,20
8/18/2020,63,28
8/20/2020,63,4
8/21/2020,63,30
8/24/2020,63,22
8/25/2020,63,32
8/26/2020,63,28
8/31/2020,63,29
8/18/2020,63,0
8/31/2020,63,1
8/18/2020,63,3
8/31/2020,64,1
8/30/2020,64,5
8/30/2020,64,41
8/3/2020,64,16
8/4/2020,64,13
8/5/2020,64,14
8/6/2020,64,2
8/24/2020,64,13
8/25/2020,64,5
8/27/2020,64,35
8/28/2020,64,27
8/29/2020,287,33
8/3/2020,287,45
8/5/2020,253,61
8/20/2020,253,0
8/30/2020,253,7
8/20/2020,253,3
8/21/2020,253,4
8/30/2020,253,62
8/5/2020,253,42
8/6/2020,253,32
8/7/2020,253,42
8/8/2020,253,31
8/11/2020,253,6
8/14/2020,253,23
8/19/2020,253,23
8/20/2020,253,7
8/27/2020,253,16
8/28/2020,276,6
8/5/2020,276,2
8/6/2020,276,5
8/7/2020,276,2
8/31/2020,276,3
8/5/2020,276,10
8/6/2020,276,38
8/7/2020,276,14
8/31/2020,276,14
8/4/2020,276,33
8/5/2020,276,31
8/6/2020,276,11
8/7/2020,276,27
8/31/2020,65,20
8/20/2020,65,0
8/21/2020,65,1
8/20/2020,65,0
8/3/2020,65,4
8/4/2020,65,5
8/5/2020,65,5
8/6/2020,65,6
8/17/2020,65,5
8/18/2020,65,4
8/19/2020,65,2
8/20/2020,65,2
8/21/2020,65,1
8/24/2020,65,5
8/25/2020,65,4
8/26/2020,65,6
8/27/2020,65,2
8/28/2020,65,6
8/30/2020,65,5
8/3/2020,65,23
8/4/2020,65,33
8/5/2020,65,29
8/6/2020,65,33
8/17/2020,65,13
8/18/2020,65,14
8/19/2020,65,12
8/20/2020,65,8
8/21/2020,65,6
8/24/2020,65,27
8/25/2020,65,15
8/26/2020,65,16
8/27/2020,65,23
8/28/2020,65,22
8/30/2020,65,58
8/3/2020,65,22
8/4/2020,65,14
8/5/2020,65,16
8/6/2020,65,16
8/17/2020,65,41
8/18/2020,65,24
8/19/2020,65,18
8/20/2020,65,31
8/21/2020,65,22
8/24/2020,65,8
8/25/2020,65,19
8/26/2020,65,32
8/27/2020,65,25
8/28/2020,66,30
8/21/2020,66,0
8/17/2020,66,30
8/18/2020,66,33
8/19/2020,66,19
8/21/2020,66,21
8/22/2020,66,45
8/24/2020,66,33
8/26/2020,66,34
8/27/2020,66,48
8/28/2020,66,50
8/31/2020,66,25
8/18/2020,66,2
8/18/2020,66,4
8/31/2020,223,2
8/1/2020,223,34
8/4/2020,223,26
8/5/2020,223,44
8/6/2020,223,2
8/8/2020,223,34
8/9/2020,223,17
8/10/2020,223,30
8/3/2020,223,1
8/4/2020,223,1
8/5/2020,223,2
8/6/2020,223,2
8/7/2020,223,3
8/10/2020,223,4
8/11/2020,223,5
8/12/2020,223,2
8/13/2020,223,5
8/14/2020,223,1
8/18/2020,223,1
8/3/2020,223,4
8/4/2020,223,5
8/5/2020,223,7
8/6/2020,223,17
8/7/2020,223,15
8/10/2020,223,31
8/11/2020,223,22
8/12/2020,223,15
8/13/2020,223,14
8/14/2020,223,9
8/15/2020,223,1
8/18/2020,223,2
8/3/2020,223,7
8/4/2020,223,7
8/5/2020,223,10
8/6/2020,223,4
8/7/2020,223,13
8/10/2020,223,2
8/11/2020,223,6
8/12/2020,223,11
8/13/2020,223,11
8/14/2020,223,12
8/15/2020,223,10
8/17/2020,223,16
8/18/2020,223,9
8/18/2020,223,2
8/18/2020,223,2
8/29/2020,223,10
8/5/2020,223,6
8/6/2020,223,10
8/11/2020,223,19
8/12/2020,223,27
8/13/2020,223,15
8/26/2020,223,20
8/29/2020,223,17
8/5/2020,223,1
8/6/2020,223,1
8/11/2020,223,1
8/26/2020,224,1
8/3/2020,224,18
8/5/2020,224,23
8/6/2020,224,13
8/7/2020,224,11
8/10/2020,224,11
8/11/2020,224,15
8/12/2020,224,22
8/13/2020,224,14
8/14/2020,224,9
8/17/2020,224,16
8/18/2020,224,14
8/19/2020,224,25
8/20/2020,224,14
8/4/2020,224,12
8/6/2020,224,0
8/7/2020,224,1
8/12/2020,224,0
8/14/2020,224,14
8/18/2020,224,3
8/20/2020,224,1
8/3/2020,224,9
8/4/2020,224,15
8/5/2020,224,18
8/6/2020,224,14
8/7/2020,224,22
8/10/2020,224,8
8/11/2020,224,13
8/12/2020,224,16
8/13/2020,224,14
8/17/2020,224,18
8/18/2020,224,6
8/19/2020,224,18
8/20/2020,224,9
8/21/2020,224,13
8/22/2020,224,14
8/26/2020,224,21
8/27/2020,224,17
8/28/2020,224,11
8/3/2020,224,3
8/5/2020,224,1
8/6/2020,224,2
8/10/2020,224,1
8/17/2020,224,1
8/18/2020,224,7
8/21/2020,224,2
8/22/2020,224,6
8/20/2020,224,3
8/21/2020,224,1
8/18/2020,182,1
8/5/2020,182,9
8/10/2020,182,9
8/11/2020,182,12
8/13/2020,182,20
8/14/2020,182,18
8/17/2020,182,20
8/18/2020,182,14
8/20/2020,182,14
8/21/2020,182,8
8/25/2020,182,12
8/26/2020,182,8
8/27/2020,182,8
8/28/2020,182,14
8/31/2020,182,4
8/18/2020,182,1
8/25/2020,182,3
8/26/2020,182,2
8/31/2020,182,21
8/21/2020,182,0
8/20/2020,182,1
8/21/2020,182,1
8/25/2020,254,0
8/3/2020,254,23
8/4/2020,254,30
8/6/2020,254,12
8/7/2020,254,24
8/11/2020,254,9
8/12/2020,254,31
8/13/2020,254,16
8/14/2020,254,35
8/17/2020,254,17
8/18/2020,254,13
8/21/2020,254,13
8/22/2020,254,15
8/27/2020,254,17
8/28/2020,254,16
8/29/2020,254,31
8/31/2020,254,14
8/3/2020,254,3
8/6/2020,254,2
8/7/2020,254,4
8/11/2020,254,1
8/14/2020,254,1
8/17/2020,254,1
8/18/2020,254,4
8/21/2020,254,1
8/22/2020,254,13
8/27/2020,254,4
8/28/2020,254,1
8/31/2020,254,5
8/21/2020,254,0
8/27/2020,254,2
8/21/2020,254,3
8/18/2020,254,1
8/18/2020,67,0
8/3/2020,67,18
8/4/2020,67,17
8/5/2020,67,20
8/6/2020,67,20
8/7/2020,67,21
8/10/2020,67,24
8/11/2020,67,17
8/12/2020,67,28
8/13/2020,67,17
8/14/2020,67,15
8/17/2020,67,19
8/18/2020,67,22
8/19/2020,67,28
8/20/2020,67,29
8/24/2020,67,40
8/25/2020,67,30
8/26/2020,67,22
8/27/2020,67,25
8/31/2020,67,10
8/3/2020,67,1
8/4/2020,67,1
8/6/2020,67,1
8/7/2020,67,2
8/10/2020,67,1
8/11/2020,67,1
8/12/2020,67,1
8/14/2020,67,5
8/15/2020,67,12
8/17/2020,67,1
8/24/2020,67,4
8/25/2020,67,2
8/26/2020,67,1
8/27/2020,67,1
8/31/2020,67,18
8/24/2020,67,1
8/24/2020,67,0
8/20/2020,67,2
8/24/2020,68,0
8/4/2020,68,12
8/6/2020,68,12
8/7/2020,68,18
8/24/2020,68,14
8/25/2020,68,16
8/27/2020,68,1
8/28/2020,68,21
8/6/2020,68,3
8/7/2020,68,1
8/24/2020,68,4
8/25/2020,68,2
8/27/2020,68,3
8/28/2020,68,1
8/27/2020,68,19
8/27/2020,68,15
8/24/2020,69,0
8/17/2020,69,17
8/18/2020,69,17
8/19/2020,69,25
8/20/2020,69,10
8/21/2020,69,20
8/22/2020,69,2
8/24/2020,69,26
8/25/2020,69,20
8/26/2020,69,22
8/27/2020,69,14
8/28/2020,69,15
8/29/2020,69,13
8/31/2020,69,12
8/17/2020,69,1
8/18/2020,69,7
8/21/2020,69,2
8/22/2020,69,9
8/24/2020,69,5
8/25/2020,69,3
8/26/2020,69,2
8/27/2020,69,4
8/28/2020,69,1
8/31/2020,69,6
8/27/2020,69,1
8/20/2020,69,2
8/21/2020,69,1
8/25/2020,69,0
8/18/2020,69,2
8/18/2020,70,0
8/29/2020,70,13
8/13/2020,70,22
8/14/2020,70,12
8/17/2020,70,15
8/18/2020,70,17
8/19/2020,70,18
8/20/2020,70,14
8/21/2020,70,17
8/22/2020,70,11
8/24/2020,70,20
8/29/2020,70,13
8/31/2020,70,13
8/15/2020,70,16
8/17/2020,70,1
8/18/2020,70,1
8/21/2020,70,1
8/22/2020,70,14
8/24/2020,70,7
8/31/2020,70,17
8/20/2020,70,3
8/21/2020,71,1
8/1/2020,71,21
8/3/2020,71,12
8/4/2020,71,1
8/5/2020,71,18
8/6/2020,71,18
8/7/2020,71,13
8/10/2020,71,13
8/11/2020,71,17
8/12/2020,71,7
8/17/2020,71,17
8/18/2020,71,17
8/19/2020,71,14
8/20/2020,71,8
8/21/2020,71,14
8/22/2020,71,5
8/24/2020,71,12
8/25/2020,71,21
8/26/2020,71,17
8/27/2020,71,19
8/31/2020,71,10
8/7/2020,71,1
8/18/2020,71,1
8/22/2020,71,9
8/25/2020,71,1
8/26/2020,71,2
8/31/2020,71,17
8/21/2020,71,0
8/20/2020,71,2
8/21/2020,71,0
8/24/2020,71,0
8/25/2020,72,0
8/1/2020,72,28
8/3/2020,72,37
8/4/2020,72,17
8/5/2020,72,36
8/6/2020,72,13
8/7/2020,72,40
8/10/2020,72,29
8/11/2020,72,2
8/12/2020,72,25
8/17/2020,72,46
8/18/2020,72,11
8/19/2020,72,31
8/20/2020,72,12
8/21/2020,72,14
8/24/2020,72,38
8/25/2020,72,20
8/26/2020,72,13
8/3/2020,72,3
8/5/2020,72,1
8/6/2020,72,3
8/7/2020,72,3
8/10/2020,72,1
8/17/2020,72,1
8/18/2020,72,1
8/24/2020,72,6
8/25/2020,72,2
8/26/2020,72,1
8/20/2020,72,2
8/21/2020,72,0
8/24/2020,72,0
8/25/2020,288,0
8/3/2020,288,11
8/4/2020,288,16
8/5/2020,288,18
8/6/2020,288,28
8/7/2020,288,11
8/10/2020,288,13
8/11/2020,288,15
8/12/2020,288,32
8/13/2020,288,20
8/14/2020,288,13
8/3/2020,288,16
8/7/2020,74,1
8/10/2020,74,14
8/11/2020,74,4
8/13/2020,74,6
8/14/2020,74,26
8/18/2020,74,20
8/19/2020,74,22
8/20/2020,74,9
8/24/2020,74,23
8/25/2020,74,17
8/26/2020,74,16
8/27/2020,74,9
8/28/2020,74,17
8/29/2020,74,15
8/31/2020,74,18
8/15/2020,74,7
8/25/2020,74,1
8/26/2020,74,1
8/31/2020,74,5
8/20/2020,74,2
8/25/2020,74,0
8/28/2020,75,0
8/29/2020,75,5
8/10/2020,75,1
8/14/2020,75,7
8/17/2020,75,22
8/19/2020,75,17
8/20/2020,75,9
8/24/2020,75,24
8/25/2020,75,32
8/26/2020,75,26
8/27/2020,75,10
8/29/2020,75,10
8/31/2020,75,8
8/10/2020,75,1
8/15/2020,75,24
8/17/2020,75,1
8/25/2020,75,4
8/26/2020,75,2
8/27/2020,75,4
8/31/2020,75,7
8/20/2020,75,0
8/24/2020,75,1
8/27/2020,183,1
8/3/2020,183,34
8/5/2020,183,26
8/6/2020,183,1
8/10/2020,183,18
8/11/2020,183,15
8/12/2020,183,7
8/13/2020,183,10
8/14/2020,183,5
8/25/2020,183,25
8/28/2020,183,22
8/3/2020,183,6
8/4/2020,183,27
8/6/2020,183,23
8/7/2020,183,24
8/12/2020,183,1
8/14/2020,183,3
8/25/2020,183,1
8/28/2020,76,0
8/1/2020,76,47
8/3/2020,76,29
8/4/2020,76,28
8/5/2020,76,21
8/6/2020,76,25
8/7/2020,76,19
8/10/2020,76,19
8/11/2020,76,10
8/12/2020,76,35
8/13/2020,76,27
8/14/2020,76,15
8/17/2020,76,5
8/18/2020,76,15
8/19/2020,76,25
8/20/2020,76,30
8/24/2020,76,35
8/25/2020,76,29
8/26/2020,76,19
8/28/2020,76,17
8/31/2020,76,24
8/4/2020,76,2
8/6/2020,76,3
8/7/2020,76,3
8/10/2020,76,1
8/11/2020,76,1
8/12/2020,76,1
8/14/2020,76,1
8/17/2020,76,1
8/18/2020,76,10
8/24/2020,76,7
8/26/2020,76,2
8/28/2020,76,1
8/31/2020,76,8
8/20/2020,76,1
8/20/2020,76,2
8/18/2020,184,2
8/1/2020,184,31
8/3/2020,184,22
8/4/2020,184,35
8/10/2020,184,22
8/11/2020,184,9
8/12/2020,184,13
8/13/2020,184,10
8/14/2020,184,27
8/18/2020,184,20
8/19/2020,184,20
8/20/2020,184,21
8/25/2020,184,17
8/26/2020,184,17
8/27/2020,184,22
8/28/2020,184,14
8/29/2020,184,21
8/18/2020,184,4
8/27/2020,184,1
8/20/2020,184,5
8/25/2020,225,0
8/1/2020,225,9
8/3/2020,225,7
8/4/2020,225,14
8/5/2020,225,16
8/10/2020,225,12
8/11/2020,225,2
8/12/2020,225,4
8/13/2020,225,11
8/17/2020,225,15
8/26/2020,225,6
8/27/2020,225,7
8/3/2020,225,3
8/26/2020,185,1
8/21/2020,185,0
8/3/2020,185,26
8/4/2020,185,27
8/5/2020,185,29
8/6/2020,185,15
8/7/2020,185,19
8/10/2020,185,32
8/11/2020,185,17
8/12/2020,185,22
8/14/2020,185,23
8/17/2020,185,25
8/18/2020,185,26
8/19/2020,185,18
8/20/2020,185,28
8/21/2020,185,4
8/25/2020,185,2
8/31/2020,185,30
8/31/2020,185,0
8/31/2020,77,2
8/10/2020,77,0
8/11/2020,77,1
8/12/2020,77,1
8/24/2020,77,1
8/25/2020,77,2
8/27/2020,77,2
8/31/2020,77,4
8/10/2020,77,3
8/11/2020,77,8
8/12/2020,77,5
8/13/2020,77,1
8/17/2020,77,0
8/20/2020,77,1
8/24/2020,77,3
8/25/2020,77,4
8/26/2020,77,4
8/27/2020,77,8
8/28/2020,77,2
8/31/2020,77,7
8/10/2020,77,13
8/11/2020,77,15
8/12/2020,77,10
8/13/2020,77,20
8/17/2020,77,24
8/20/2020,77,5
8/24/2020,77,6
8/25/2020,77,8
8/26/2020,77,24
8/27/2020,77,21
8/28/2020,77,23
8/31/2020,77,20
8/31/2020,77,1
8/31/2020,78,2
8/4/2020,78,4
8/5/2020,78,5
8/6/2020,78,6
8/7/2020,78,1
8/24/2020,78,0
8/25/2020,78,4
8/26/2020,78,10
8/27/2020,78,1
8/28/2020,78,1
8/30/2020,78,3
8/31/2020,78,5
8/1/2020,78,9
8/4/2020,78,16
8/5/2020,78,17
8/6/2020,78,20
8/7/2020,78,13
8/22/2020,78,2
8/24/2020,78,8
8/25/2020,78,13
8/26/2020,78,12
8/27/2020,78,8
8/28/2020,78,6
8/30/2020,78,43
8/31/2020,78,17
8/1/2020,78,42
8/4/2020,78,22
8/5/2020,78,23
8/6/2020,78,7
8/7/2020,78,7
8/22/2020,78,25
8/24/2020,78,11
8/25/2020,78,10
8/26/2020,78,19
8/27/2020,78,24
8/28/2020,78,25
8/31/2020,299,16
8/3/2020,299,17
8/4/2020,299,22
8/5/2020,299,26
8/6/2020,299,17
8/8/2020,299,22
8/19/2020,299,11
8/20/2020,79,14
8/11/2020,79,0
8/12/2020,79,2
8/13/2020,79,2
8/17/2020,79,1
8/18/2020,79,2
8/19/2020,79,0
8/20/2020,79,1
8/21/2020,79,2
8/24/2020,79,3
8/25/2020,79,2
8/26/2020,79,4
8/28/2020,79,0
8/31/2020,79,3
8/11/2020,79,13
8/12/2020,79,9
8/13/2020,79,6
8/14/2020,79,1
8/15/2020,79,8
8/17/2020,79,3
8/18/2020,79,2
8/19/2020,79,3
8/20/2020,79,2
8/21/2020,79,4
8/24/2020,79,14
8/25/2020,79,11
8/26/2020,79,8
8/28/2020,79,5
8/31/2020,79,11
8/11/2020,79,16
8/12/2020,79,18
8/13/2020,79,16
8/14/2020,79,19
8/15/2020,79,18
8/17/2020,79,21
8/18/2020,79,19
8/19/2020,79,16
8/20/2020,79,14
8/21/2020,79,15
8/24/2020,79,21
8/25/2020,79,25
8/26/2020,79,20
8/28/2020,79,31
8/31/2020,80,8
8/20/2020,80,0
8/3/2020,80,2
8/5/2020,80,0
8/6/2020,80,3
8/9/2020,80,2
8/17/2020,80,0
8/24/2020,80,1
8/3/2020,80,4
8/5/2020,80,11
8/6/2020,80,8
8/8/2020,80,2
8/9/2020,80,1
8/20/2020,80,1
8/21/2020,80,0
8/24/2020,80,7
8/3/2020,80,6
8/4/2020,80,17
8/6/2020,80,10
8/8/2020,80,26
8/9/2020,80,27
8/17/2020,80,16
8/18/2020,80,14
8/19/2020,80,5
8/20/2020,80,29
8/21/2020,80,16
8/22/2020,80,33
8/24/2020,80,9
8/18/2020,81,0
8/10/2020,81,34
8/11/2020,81,24
8/12/2020,81,34
8/13/2020,81,34
8/24/2020,81,27
8/25/2020,81,36
8/26/2020,81,41
8/27/2020,81,28
8/31/2020,82,42
8/20/2020,82,0
8/1/2020,82,3
8/3/2020,82,3
8/4/2020,82,3
8/5/2020,82,9
8/6/2020,82,4
8/7/2020,82,1
8/8/2020,82,2
8/10/2020,82,2
8/11/2020,82,2
8/12/2020,82,4
8/13/2020,82,5
8/17/2020,82,3
8/19/2020,82,2
8/20/2020,82,0
8/21/2020,82,3
8/24/2020,82,6
8/25/2020,82,7
8/26/2020,82,1
8/27/2020,82,3
8/1/2020,82,14
8/3/2020,82,12
8/4/2020,82,7
8/5/2020,82,64
8/6/2020,82,40
8/7/2020,82,14
8/8/2020,82,14
8/10/2020,82,2
8/11/2020,82,18
8/12/2020,82,10
8/13/2020,82,14
8/17/2020,82,7
8/19/2020,82,11
8/20/2020,82,4
8/21/2020,82,4
8/22/2020,82,10
8/24/2020,82,31
8/25/2020,82,14
8/26/2020,82,12
8/27/2020,82,19
8/1/2020,82,42
8/3/2020,82,38
8/4/2020,82,30
8/5/2020,82,26
8/6/2020,82,14
8/7/2020,82,29
8/8/2020,82,33
8/10/2020,82,47
8/11/2020,82,25
8/12/2020,82,16
8/13/2020,82,26
8/17/2020,82,19
8/19/2020,82,15
8/20/2020,82,33
8/21/2020,82,30
8/22/2020,82,43
8/24/2020,82,17
8/25/2020,82,24
8/26/2020,82,33
8/27/2020,186,19
8/20/2020,186,0
8/1/2020,186,3
8/3/2020,186,1
8/4/2020,186,3
8/5/2020,186,6
8/7/2020,186,2
8/9/2020,186,7
8/10/2020,186,8
8/11/2020,186,4
8/12/2020,186,2
8/14/2020,186,2
8/17/2020,186,5
8/18/2020,186,3
8/20/2020,186,2
8/21/2020,186,2
8/22/2020,186,1
8/25/2020,186,1
8/27/2020,186,2
8/30/2020,186,6
8/31/2020,186,3
8/1/2020,186,18
8/3/2020,186,26
8/4/2020,186,17
8/5/2020,186,54
8/7/2020,186,17
8/9/2020,186,41
8/10/2020,186,27
8/11/2020,186,24
8/12/2020,186,27
8/14/2020,186,7
8/17/2020,186,7
8/18/2020,186,4
8/20/2020,186,5
8/21/2020,186,0
8/22/2020,186,3
8/25/2020,186,10
8/26/2020,186,0
8/27/2020,186,6
8/30/2020,186,61
8/31/2020,186,6
8/1/2020,186,16
8/3/2020,186,5
8/4/2020,186,18
8/5/2020,186,3
8/7/2020,186,12
8/9/2020,186,12
8/10/2020,186,2
8/11/2020,186,3
8/12/2020,186,8
8/14/2020,186,15
8/17/2020,186,12
8/18/2020,186,15
8/20/2020,186,11
8/21/2020,186,12
8/22/2020,186,21
8/25/2020,186,20
8/26/2020,186,21
8/27/2020,186,13
8/30/2020,186,2
8/31/2020,83,14
8/1/2020,83,21
8/3/2020,83,12
8/4/2020,83,20
8/15/2020,83,11
8/17/2020,83,31
8/18/2020,83,18
8/20/2020,83,17
8/24/2020,83,9
8/26/2020,83,34
8/27/2020,83,12
8/31/2020,83,27
8/18/2020,83,1
8/31/2020,83,0
8/18/2020,83,3
8/31/2020,255,3
8/3/2020,255,2
8/5/2020,255,2
8/7/2020,255,1
8/8/2020,255,1
8/11/2020,255,4
8/12/2020,255,5
8/13/2020,255,3
8/27/2020,255,1
8/28/2020,255,1
8/31/2020,255,0
8/3/2020,255,2
8/4/2020,255,3
8/5/2020,255,12
8/6/2020,255,7
8/7/2020,255,6
8/8/2020,255,3
8/10/2020,255,8
8/11/2020,255,16
8/12/2020,255,12
8/13/2020,255,3
8/14/2020,255,5
8/27/2020,255,5
8/28/2020,255,9
8/29/2020,255,3
8/31/2020,255,3
8/3/2020,255,32
8/4/2020,255,15
8/5/2020,255,17
8/6/2020,255,20
8/7/2020,255,14
8/8/2020,255,18
8/10/2020,255,25
8/11/2020,255,12
8/12/2020,255,13
8/13/2020,255,14
8/14/2020,255,15
8/27/2020,255,16
8/28/2020,255,18
8/29/2020,255,24
8/31/2020,300,17
8/1/2020,300,2
8/7/2020,300,2
8/12/2020,300,1
8/13/2020,300,1
8/1/2020,300,0
8/5/2020,300,10
8/7/2020,300,4
8/8/2020,300,4
8/12/2020,300,5
8/13/2020,300,1
8/1/2020,300,19
8/5/2020,300,7
8/7/2020,300,6
8/8/2020,300,17
8/9/2020,300,19
8/12/2020,300,16
8/13/2020,187,14
8/20/2020,187,1
8/11/2020,187,25
8/12/2020,187,39
8/13/2020,187,41
8/14/2020,187,25
8/15/2020,187,37
8/17/2020,187,35
8/18/2020,187,14
8/19/2020,187,25
8/20/2020,187,13
8/25/2020,187,6
8/27/2020,187,12
8/28/2020,187,6
8/18/2020,187,1
8/18/2020,84,1
8/5/2020,84,9
8/7/2020,84,4
8/8/2020,84,3
8/12/2020,84,8
8/19/2020,84,0
8/22/2020,84,3
8/24/2020,84,2
8/26/2020,84,3
8/5/2020,84,34
8/7/2020,84,19
8/8/2020,84,16
8/12/2020,84,23
8/19/2020,84,7
8/21/2020,84,5
8/22/2020,84,8
8/24/2020,84,2
8/26/2020,84,14
8/5/2020,84,9
8/7/2020,84,10
8/8/2020,84,12
8/12/2020,84,10
8/19/2020,84,22
8/21/2020,84,13
8/22/2020,84,18
8/24/2020,84,16
8/26/2020,188,16
8/1/2020,188,0
8/3/2020,188,4
8/4/2020,188,4
8/5/2020,188,2
8/6/2020,188,4
8/7/2020,188,0
8/8/2020,188,4
8/10/2020,188,2
8/11/2020,188,2
8/12/2020,188,2
8/13/2020,188,1
8/14/2020,188,3
8/17/2020,188,0
8/18/2020,188,2
8/20/2020,188,1
8/25/2020,188,2
8/26/2020,188,5
8/1/2020,188,15
8/3/2020,188,13
8/4/2020,188,11
8/5/2020,188,20
8/6/2020,188,17
8/7/2020,188,8
8/8/2020,188,14
8/10/2020,188,22
8/11/2020,188,20
8/12/2020,188,17
8/13/2020,188,5
8/14/2020,188,5
8/17/2020,188,9
8/18/2020,188,9
8/19/2020,188,3
8/20/2020,188,7
8/21/2020,188,1
8/25/2020,188,8
8/26/2020,188,7
8/1/2020,188,21
8/3/2020,188,7
8/4/2020,188,4
8/5/2020,188,2
8/6/2020,188,9
8/7/2020,188,13
8/8/2020,188,5
8/10/2020,188,6
8/11/2020,188,6
8/12/2020,188,2
8/13/2020,188,11
8/14/2020,188,10
8/17/2020,188,20
8/18/2020,188,14
8/19/2020,188,8
8/20/2020,188,13
8/21/2020,188,18
8/25/2020,188,18
8/26/2020,188,12
8/31/2020,188,27
8/18/2020,277,2
8/3/2020,277,18
8/5/2020,277,22
8/6/2020,277,18
8/11/2020,277,22
8/12/2020,277,15
8/13/2020,277,26
8/14/2020,277,24
8/15/2020,277,34
8/17/2020,277,16
8/18/2020,277,27
8/19/2020,277,24
8/20/2020,277,14
8/21/2020,277,17
8/31/2020,85,35
8/3/2020,85,16
8/4/2020,85,10
8/5/2020,85,22
8/6/2020,85,16
8/7/2020,85,16
8/10/2020,85,8
8/11/2020,85,2
8/12/2020,85,13
8/13/2020,85,17
8/14/2020,85,10
8/19/2020,85,5
8/20/2020,85,1
8/21/2020,85,4
8/24/2020,85,2
8/25/2020,85,23
8/26/2020,85,23
8/27/2020,85,17
8/28/2020,85,10
8/3/2020,85,2
8/4/2020,85,2
8/5/2020,85,0
8/6/2020,85,1
8/10/2020,85,1
8/14/2020,85,1
8/21/2020,85,1
8/26/2020,85,1
8/27/2020,85,3
8/28/2020,85,0
8/20/2020,85,1
8/21/2020,85,0
8/24/2020,86,1
8/3/2020,86,10
8/4/2020,86,11
8/5/2020,86,0
8/7/2020,86,10
8/9/2020,86,19
8/10/2020,86,7
8/11/2020,86,13
8/13/2020,86,17
8/21/2020,86,11
8/24/2020,86,10
8/25/2020,86,17
8/26/2020,86,20
8/27/2020,86,8
8/30/2020,86,1
8/31/2020,86,15
8/3/2020,86,3
8/21/2020,86,1
8/24/2020,86,6
8/26/2020,86,1
8/27/2020,86,5
8/31/2020,86,4
8/27/2020,86,0
8/30/2020,86,0
8/27/2020,86,4
8/30/2020,86,30
8/21/2020,86,0
8/24/2020,87,0
8/1/2020,87,17
8/10/2020,87,16
8/11/2020,87,9
8/13/2020,87,5
8/14/2020,87,8
8/20/2020,87,17
8/21/2020,87,7
8/22/2020,87,3
8/24/2020,87,9
8/25/2020,87,14
8/27/2020,87,5
8/21/2020,87,1
8/22/2020,87,13
8/24/2020,87,3
8/27/2020,87,10
8/21/2020,87,0
8/27/2020,87,1
8/27/2020,87,1
8/20/2020,88,2
8/29/2020,88,8
8/1/2020,88,23
8/8/2020,88,12
8/24/2020,88,9
8/28/2020,88,21
8/29/2020,88,6
8/31/2020,88,12
8/24/2020,88,8
8/28/2020,88,1
8/31/2020,88,15
8/24/2020,89,0
8/1/2020,89,9
8/3/2020,89,18
8/4/2020,89,19
8/5/2020,89,18
8/10/2020,89,17
8/11/2020,89,9
8/12/2020,89,25
8/14/2020,89,8
8/17/2020,89,22
8/19/2020,89,11
8/20/2020,89,31
8/21/2020,89,16
8/24/2020,89,26
8/25/2020,89,22
8/26/2020,89,31
8/3/2020,89,3
8/12/2020,89,1
8/14/2020,89,15
8/15/2020,89,23
8/17/2020,89,1
8/21/2020,89,2
8/24/2020,89,4
8/25/2020,89,2
8/26/2020,89,1
8/20/2020,89,2
8/21/2020,226,0
8/3/2020,226,7
8/4/2020,226,12
8/5/2020,226,14
8/7/2020,226,7
8/8/2020,226,8
8/26/2020,226,7
8/27/2020,226,7
8/28/2020,226,15
8/3/2020,226,3
8/5/2020,226,1
8/7/2020,226,3
8/8/2020,226,1
8/26/2020,226,2
8/27/2020,226,2
8/28/2020,256,1
8/29/2020,256,5
8/17/2020,256,12
8/18/2020,256,7
8/19/2020,256,2
8/20/2020,256,10
8/21/2020,256,13
8/22/2020,256,7
8/27/2020,256,7
8/28/2020,256,14
8/29/2020,256,14
8/31/2020,256,6
8/17/2020,256,1
8/18/2020,256,6
8/21/2020,256,2
8/22/2020,256,11
8/28/2020,256,1
8/31/2020,256,14
8/20/2020,256,1
8/21/2020,256,1
8/18/2020,90,0
8/1/2020,90,24
8/3/2020,90,18
8/4/2020,90,32
8/5/2020,90,21
8/6/2020,90,16
8/7/2020,90,23
8/10/2020,90,23
8/12/2020,90,20
8/13/2020,90,6
8/17/2020,90,21
8/18/2020,90,13
8/19/2020,90,16
8/20/2020,90,12
8/21/2020,90,15
8/24/2020,90,24
8/25/2020,90,12
8/26/2020,90,18
8/27/2020,90,9
8/28/2020,90,9
8/31/2020,90,14
8/3/2020,90,3
8/5/2020,90,1
8/6/2020,90,4
8/7/2020,90,4
8/10/2020,90,1
8/17/2020,90,1
8/18/2020,90,9
8/21/2020,90,2
8/24/2020,90,3
8/25/2020,90,2
8/26/2020,90,1
8/27/2020,90,5
8/28/2020,90,1
8/31/2020,90,8
8/21/2020,90,0
8/20/2020,90,0
8/21/2020,90,0
8/18/2020,90,1
8/6/2020,90,13
8/8/2020,90,8
8/13/2020,90,5
8/14/2020,90,2
8/17/2020,189,5
8/1/2020,189,47
8/3/2020,189,35
8/4/2020,189,39
8/5/2020,189,30
8/6/2020,189,35
8/7/2020,189,9
8/10/2020,189,19
8/11/2020,189,24
8/13/2020,189,31
8/14/2020,189,38
8/17/2020,189,12
8/18/2020,189,34
8/21/2020,189,18
8/22/2020,189,8
8/21/2020,189,0
8/21/2020,189,3
8/22/2020,189,1
8/25/2020,189,22
8/26/2020,189,26
8/31/2020,189,25
8/31/2020,189,2
8/31/2020,227,1
8/4/2020,227,16
8/5/2020,227,21
8/6/2020,227,16
8/7/2020,227,11
8/12/2020,227,18
8/13/2020,227,13
8/14/2020,227,6
8/19/2020,227,14
8/20/2020,227,14
8/21/2020,227,14
8/22/2020,227,7
8/26/2020,227,19
8/27/2020,227,23
8/28/2020,227,20
8/4/2020,227,1
8/5/2020,227,1
8/6/2020,227,1
8/7/2020,227,1
8/14/2020,227,10
8/15/2020,227,18
8/22/2020,227,3
8/20/2020,227,0
8/20/2020,227,2
8/21/2020,91,0
8/5/2020,91,17
8/6/2020,91,17
8/7/2020,91,15
8/10/2020,91,23
8/12/2020,91,16
8/13/2020,91,20
8/14/2020,91,11
8/17/2020,91,17
8/24/2020,91,20
8/25/2020,91,13
8/26/2020,91,27
8/27/2020,91,14
8/28/2020,91,37
8/5/2020,91,1
8/7/2020,91,2
8/12/2020,91,1
8/14/2020,91,1
8/15/2020,91,25
8/24/2020,91,0
8/7/2020,91,8
8/3/2020,257,56
8/22/2020,257,0
8/8/2020,257,12
8/10/2020,257,32
8/11/2020,257,28
8/12/2020,257,41
8/17/2020,257,47
8/18/2020,257,28
8/22/2020,257,28
8/27/2020,257,29
8/28/2020,257,45
8/31/2020,257,31
8/18/2020,257,1
8/31/2020,257,1
8/18/2020,257,2
8/31/2020,228,2
8/21/2020,228,0
8/3/2020,228,15
8/4/2020,228,15
8/5/2020,228,23
8/6/2020,228,29
8/7/2020,228,24
8/17/2020,228,18
8/18/2020,228,22
8/19/2020,228,22
8/20/2020,228,24
8/21/2020,228,18
8/26/2020,228,34
8/27/2020,228,25
8/28/2020,228,36
8/29/2020,228,30
8/31/2020,278,22
8/3/2020,278,6
8/5/2020,278,0
8/6/2020,278,4
8/10/2020,278,4
8/11/2020,278,5
8/12/2020,278,5
8/13/2020,278,2
8/17/2020,278,4
8/18/2020,278,2
8/19/2020,278,1
8/21/2020,278,1
8/19/2020,278,0
8/3/2020,278,17
8/5/2020,278,9
8/6/2020,278,15
8/10/2020,278,32
8/11/2020,278,19
8/12/2020,278,18
8/13/2020,278,15
8/17/2020,278,11
8/18/2020,278,13
8/19/2020,278,9
8/21/2020,278,2
8/3/2020,278,9
8/4/2020,278,4
8/5/2020,278,3
8/6/2020,278,8
8/10/2020,278,9
8/11/2020,278,7
8/12/2020,278,7
8/13/2020,278,20
8/17/2020,278,20
8/18/2020,278,15
8/19/2020,278,11
8/21/2020,278,5
8/31/2020,278,33
8/18/2020,278,1
8/31/2020,278,1
8/18/2020,278,2
8/31/2020,289,0
8/12/2020,289,44
8/13/2020,289,40
8/18/2020,289,43
8/19/2020,289,22
8/18/2020,289,2
8/18/2020,92,2
8/1/2020,92,21
8/3/2020,92,10
8/4/2020,92,10
8/5/2020,92,10
8/6/2020,92,11
8/7/2020,92,14
8/8/2020,92,19
8/11/2020,92,8
8/12/2020,92,17
8/13/2020,92,13
8/17/2020,92,15
8/18/2020,92,12
8/24/2020,92,12
8/25/2020,92,13
8/26/2020,92,15
8/27/2020,92,17
8/28/2020,92,13
8/29/2020,190,13
8/3/2020,190,24
8/4/2020,190,23
8/5/2020,190,33
8/6/2020,190,33
8/7/2020,190,28
8/8/2020,190,28
8/10/2020,190,45
8/11/2020,190,31
8/12/2020,190,34
8/13/2020,190,27
8/14/2020,190,27
8/17/2020,190,33
8/19/2020,190,28
8/25/2020,190,38
8/26/2020,190,47
8/27/2020,190,26
8/28/2020,190,44
8/29/2020,190,44
8/31/2020,190,35
8/31/2020,190,0
8/31/2020,93,2
8/20/2020,93,0
8/1/2020,93,49
8/3/2020,93,33
8/4/2020,93,34
8/5/2020,93,38
8/6/2020,93,34
8/7/2020,93,16
8/9/2020,93,18
8/11/2020,93,27
8/12/2020,93,25
8/15/2020,93,29
8/17/2020,93,23
8/18/2020,93,33
8/19/2020,93,23
8/20/2020,93,25
8/24/2020,93,29
8/25/2020,93,25
8/26/2020,93,21
8/27/2020,93,31
8/29/2020,93,34
8/31/2020,93,34
8/18/2020,93,1
8/18/2020,191,2
8/21/2020,191,0
8/21/2020,191,1
8/1/2020,191,36
8/3/2020,191,30
8/4/2020,191,20
8/5/2020,191,29
8/6/2020,191,37
8/7/2020,191,34
8/10/2020,191,35
8/11/2020,191,32
8/12/2020,191,34
8/13/2020,191,35
8/14/2020,191,15
8/15/2020,191,44
8/17/2020,191,45
8/18/2020,191,30
8/21/2020,191,4
8/25/2020,191,4
8/18/2020,191,2
8/18/2020,94,1
8/3/2020,94,30
8/4/2020,94,20
8/5/2020,94,30
8/6/2020,94,21
8/7/2020,94,15
8/10/2020,94,35
8/11/2020,94,23
8/12/2020,94,40
8/13/2020,94,27
8/14/2020,94,26
8/24/2020,94,37
8/26/2020,94,29
8/27/2020,94,30
8/28/2020,94,56
8/31/2020,94,39
8/31/2020,95,2
8/20/2020,95,0
8/22/2020,95,0
8/1/2020,95,1
8/3/2020,95,2
8/6/2020,95,0
8/8/2020,95,2
8/9/2020,95,2
8/10/2020,95,10
8/14/2020,95,2
8/17/2020,95,7
8/18/2020,95,6
8/19/2020,95,1
8/20/2020,95,0
8/21/2020,95,0
8/22/2020,95,1
8/24/2020,95,2
8/25/2020,95,6
8/1/2020,95,29
8/3/2020,95,26
8/6/2020,95,9
8/8/2020,95,30
8/9/2020,95,32
8/10/2020,95,22
8/13/2020,95,8
8/14/2020,95,13
8/17/2020,95,12
8/18/2020,95,13
8/19/2020,95,8
8/20/2020,95,9
8/21/2020,95,3
8/22/2020,95,8
8/24/2020,95,8
8/25/2020,95,14
8/1/2020,95,5
8/3/2020,95,5
8/6/2020,95,4
8/8/2020,95,7
8/9/2020,95,14
8/10/2020,95,6
8/13/2020,95,5
8/14/2020,95,11
8/17/2020,95,10
8/18/2020,95,14
8/19/2020,95,12
8/20/2020,95,8
8/21/2020,95,11
8/22/2020,95,33
8/24/2020,95,16
8/25/2020,95,13
8/31/2020,95,31
8/31/2020,95,2
8/31/2020,192,1
8/21/2020,192,0
8/4/2020,192,15
8/5/2020,192,44
8/6/2020,192,36
8/7/2020,192,48
8/10/2020,192,57
8/11/2020,192,46
8/13/2020,192,74
8/14/2020,192,72
8/17/2020,192,104
8/18/2020,192,105
8/19/2020,192,54
8/20/2020,192,77
8/21/2020,192,84
8/25/2020,192,90
8/31/2020,258,77
8/21/2020,258,0
8/3/2020,258,20
8/4/2020,258,28
8/5/2020,258,28
8/6/2020,258,28
8/7/2020,258,23
8/10/2020,258,21
8/11/2020,258,28
8/12/2020,258,22
8/13/2020,258,27
8/14/2020,258,21
8/17/2020,258,29
8/18/2020,258,32
8/19/2020,258,26
8/21/2020,258,6
8/27/2020,258,12
8/28/2020,96,7
8/21/2020,96,0
8/21/2020,96,0
8/3/2020,96,42
8/7/2020,96,23
8/10/2020,96,44
8/11/2020,96,26
8/14/2020,96,50
8/17/2020,96,34
8/21/2020,96,46
8/24/2020,96,42
8/31/2020,96,45
8/31/2020,96,1
8/31/2020,267,2
8/28/2020,267,6
8/31/2020,234,5
8/26/2020,234,2
8/27/2020,234,0
8/28/2020,234,4
8/31/2020,107,3
8/20/2020,107,0
8/21/2020,107,0
8/1/2020,107,30
8/3/2020,107,15
8/4/2020,107,18
8/5/2020,107,21
8/6/2020,107,9
8/7/2020,107,8
8/8/2020,107,5
8/11/2020,107,19
8/13/2020,107,20
8/14/2020,107,15
8/15/2020,107,15
8/17/2020,107,13
8/18/2020,107,24
8/19/2020,107,14
8/20/2020,107,7
8/21/2020,107,21
8/22/2020,107,11
8/23/2020,107,15
8/24/2020,107,28
8/25/2020,107,22
8/26/2020,107,14
8/27/2020,107,29
8/28/2020,107,28
8/29/2020,107,36
8/31/2020,110,24
8/21/2020,110,0
8/1/2020,110,17
8/2/2020,110,10
8/3/2020,110,12
8/4/2020,110,27
8/5/2020,110,33
8/6/2020,110,32
8/7/2020,110,29
8/10/2020,110,29
8/12/2020,110,25
8/13/2020,110,12
8/14/2020,110,27
8/17/2020,110,33
8/18/2020,110,32
8/19/2020,110,26
8/21/2020,110,11
8/24/2020,110,40
8/25/2020,110,28
8/26/2020,110,20
8/27/2020,110,27
8/28/2020,110,34
8/5/2020,110,4
8/6/2020,110,3
8/13/2020,110,3
8/20/2020,111,13
8/20/2020,111,0
8/22/2020,111,0
8/3/2020,111,14
8/4/2020,111,16
8/5/2020,111,18
8/6/2020,111,6
8/8/2020,111,26
8/10/2020,111,14
8/11/2020,111,13
8/12/2020,111,20
8/17/2020,111,19
8/18/2020,111,13
8/19/2020,111,14
8/20/2020,111,19
8/22/2020,111,23
8/24/2020,111,13
8/25/2020,111,17
8/26/2020,111,12
8/27/2020,111,19
8/28/2020,111,16
8/30/2020,112,5
8/3/2020,112,21
8/4/2020,112,29
8/9/2020,112,14
8/10/2020,112,10
8/12/2020,112,27
8/13/2020,112,21
8/14/2020,112,33
8/17/2020,112,34
8/18/2020,112,25
8/19/2020,112,8
8/20/2020,112,29
8/21/2020,112,38
8/22/2020,112,26
8/23/2020,112,30
8/24/2020,112,43
8/25/2020,112,19
8/26/2020,112,33
8/27/2020,112,7
8/28/2020,112,37
8/29/2020,112,27
8/30/2020,112,17
8/31/2020,245,17
8/3/2020,245,20
8/4/2020,245,24
8/5/2020,245,19
8/6/2020,245,6
8/10/2020,245,17
8/11/2020,245,13
8/12/2020,245,13
8/13/2020,245,17
8/14/2020,245,11
8/26/2020,245,8
8/27/2020,245,24
8/28/2020,245,13
8/31/2020,210,27
8/8/2020,210,9
8/10/2020,210,9
8/13/2020,210,13
8/14/2020,210,6
8/18/2020,210,13
8/19/2020,210,23
8/20/2020,210,4
8/21/2020,210,5
8/22/2020,210,20
8/23/2020,210,2
8/25/2020,210,16
8/26/2020,210,13
8/27/2020,210,11
8/28/2020,210,12
8/31/2020,113,17
8/20/2020,113,0
8/20/2020,113,0
8/2/2020,113,5
8/3/2020,113,28
8/4/2020,113,25
8/5/2020,113,30
8/6/2020,113,22
8/7/2020,113,30
8/9/2020,113,11
8/10/2020,113,29
8/11/2020,113,28
8/13/2020,113,17
8/14/2020,113,17
8/15/2020,113,20
8/16/2020,113,20
8/17/2020,113,27
8/18/2020,113,28
8/19/2020,113,19
8/20/2020,113,23
8/23/2020,113,14
8/24/2020,113,27
8/25/2020,113,40
8/26/2020,113,21
8/27/2020,113,27
8/28/2020,113,27
8/30/2020,113,15
8/31/2020,290,18
8/2/2020,290,4
8/3/2020,290,13
8/4/2020,290,20
8/5/2020,290,15
8/8/2020,290,14
8/9/2020,290,9
8/10/2020,290,15
8/11/2020,290,10
8/12/2020,114,20
8/2/2020,114,11
8/3/2020,114,18
8/4/2020,114,24
8/5/2020,114,21
8/6/2020,114,16
8/7/2020,114,13
8/10/2020,114,20
8/11/2020,114,24
8/12/2020,114,25
8/13/2020,114,21
8/14/2020,114,13
8/17/2020,114,24
8/18/2020,114,24
8/19/2020,114,24
8/20/2020,114,17
8/21/2020,114,19
8/24/2020,114,24
8/25/2020,114,19
8/26/2020,114,6
8/27/2020,114,33
8/28/2020,114,11
8/31/2020,115,34
8/3/2020,115,10
8/4/2020,115,5
8/5/2020,115,18
8/6/2020,115,12
8/7/2020,115,17
8/10/2020,115,13
8/11/2020,115,11
8/12/2020,115,19
8/13/2020,115,15
8/14/2020,115,14
8/15/2020,115,7
8/17/2020,115,23
8/18/2020,115,10
8/19/2020,115,9
8/20/2020,115,12
8/21/2020,115,18
8/23/2020,115,23
8/24/2020,115,23
8/25/2020,115,16
8/26/2020,115,18
8/27/2020,211,7
8/4/2020,211,7
8/5/2020,211,16
8/7/2020,211,3
8/8/2020,211,9
8/13/2020,211,5
8/14/2020,211,2
8/15/2020,211,14
8/16/2020,211,1
8/19/2020,211,7
8/21/2020,211,10
8/22/2020,211,13
8/25/2020,211,10
8/26/2020,211,16
8/29/2020,211,13
8/31/2020,116,3
8/20/2020,116,0
8/21/2020,116,0
8/23/2020,116,1
8/3/2020,116,21
8/4/2020,116,18
8/5/2020,116,24
8/6/2020,116,34
8/7/2020,116,21
8/10/2020,116,22
8/11/2020,116,15
8/12/2020,116,25
8/13/2020,116,19
8/14/2020,116,25
8/16/2020,116,5
8/20/2020,116,29
8/21/2020,116,25
8/22/2020,116,11
8/23/2020,116,20
8/24/2020,116,35
8/25/2020,116,27
8/26/2020,116,28
8/27/2020,116,32
8/28/2020,116,16
8/31/2020,117,35
8/1/2020,117,7
8/3/2020,117,21
8/4/2020,117,17
8/5/2020,117,19
8/6/2020,117,11
8/7/2020,117,11
8/10/2020,117,9
8/11/2020,117,18
8/12/2020,117,21
8/13/2020,117,15
8/14/2020,117,10
8/17/2020,117,17
8/18/2020,117,18
8/19/2020,117,17
8/20/2020,117,14
8/21/2020,117,11
8/24/2020,117,17
8/25/2020,117,23
8/26/2020,117,16
8/27/2020,117,27
8/28/2020,117,11
8/31/2020,118,26
8/3/2020,118,8
8/4/2020,118,17
8/5/2020,118,31
8/8/2020,118,10
8/10/2020,118,19
8/11/2020,118,23
8/13/2020,118,5
8/14/2020,118,14
8/15/2020,118,5
8/17/2020,118,28
8/18/2020,118,17
8/19/2020,118,32
8/20/2020,118,9
8/22/2020,118,21
8/24/2020,118,29
8/25/2020,118,27
8/26/2020,118,18
8/31/2020,119,29
8/1/2020,119,14
8/2/2020,119,19
8/3/2020,119,5
8/4/2020,119,27
8/5/2020,119,38
8/6/2020,119,13
8/7/2020,119,19
8/10/2020,119,6
8/11/2020,119,12
8/12/2020,119,5
8/13/2020,119,23
8/14/2020,119,22
8/17/2020,119,24
8/18/2020,119,31
8/19/2020,119,12
8/20/2020,119,8
8/21/2020,119,8
8/22/2020,119,2
8/24/2020,120,13
8/20/2020,120,0
8/21/2020,120,0
8/3/2020,120,12
8/4/2020,120,15
8/5/2020,120,17
8/10/2020,120,14
8/11/2020,120,12
8/12/2020,120,23
8/13/2020,120,14
8/14/2020,120,15
8/15/2020,120,20
8/16/2020,120,14
8/17/2020,120,12
8/18/2020,120,28
8/19/2020,120,23
8/20/2020,120,15
8/21/2020,120,25
8/22/2020,120,22
8/23/2020,120,14
8/24/2020,120,33
8/25/2020,120,20
8/26/2020,120,32
8/27/2020,120,24
8/28/2020,212,32
8/4/2020,212,7
8/5/2020,212,7
8/6/2020,212,14
8/11/2020,212,16
8/12/2020,212,7
8/13/2020,212,10
8/14/2020,212,5
8/16/2020,212,7
8/18/2020,212,17
8/25/2020,212,9
8/26/2020,268,3
8/4/2020,268,15
8/5/2020,268,29
8/6/2020,268,13
8/7/2020,268,12
8/8/2020,268,18
8/10/2020,268,14
8/11/2020,268,16
8/12/2020,268,10
8/28/2020,268,28
8/29/2020,268,22
8/31/2020,97,26
8/24/2020,97,3
8/25/2020,97,0
8/26/2020,97,5
8/27/2020,97,5
8/28/2020,97,7
8/31/2020,229,13
8/26/2020,229,5
8/27/2020,229,13
8/28/2020,229,11
8/31/2020,193,14
8/25/2020,193,6
8/27/2020,193,13
8/28/2020,193,8
8/31/2020,194,8
8/25/2020,194,1
8/26/2020,194,3
8/27/2020,194,7
8/31/2020,198,8
8/25/2020,198,1
8/27/2020,198,4
8/28/2020,198,6
8/31/2020,230,13
8/26/2020,230,3
8/27/2020,230,6
8/28/2020,230,5
8/31/2020,98,2
8/24/2020,98,1
8/25/2020,98,1
8/26/2020,98,1
8/27/2020,98,4
8/28/2020,98,7
8/31/2020,233,8
8/26/2020,233,0
8/27/2020,233,1
8/28/2020,233,3
8/31/2020,200,8
8/25/2020,200,1
8/26/2020,200,1
8/27/2020,200,0
8/28/2020,200,7
8/31/2020,100,8
8/24/2020,100,1
8/26/2020,100,3
8/28/2020,100,13
8/31/2020,201,5
8/25/2020,201,10
8/27/2020,201,5
8/28/2020,201,7
8/31/2020,101,11
8/24/2020,101,0
8/24/2020,101,4
8/26/2020,101,5
8/28/2020,101,10
8/31/2020,236,11
8/26/2020,236,3
8/27/2020,236,2
8/28/2020,236,2
8/31/2020,102,6
8/24/2020,102,3
8/26/2020,102,6
8/27/2020,102,5
8/28/2020,102,2
8/31/2020,103,3
8/24/2020,103,4
8/25/2020,103,7
8/27/2020,103,1
8/28/2020,103,6
8/31/2020,105,10
8/24/2020,105,13
8/26/2020,105,13
8/28/2020,105,10
8/31/2020,209,6
8/25/2020,209,9
8/26/2020,209,3
8/27/2020,209,2
8/28/2020,209,5
8/31/2020,108,7
8/24/2020,108,1
8/26/2020,108,6
8/27/2020,108,2
8/28/2020,108,10
8/31/2020,109,12
8/24/2020,109,11
8/26/2020,109,11
8/28/2020,109,7
8/31/2020,246,20
8/21/2020,246,0
8/21/2020,246,0
8/2/2020,246,28
8/3/2020,246,21
8/4/2020,246,45
8/5/2020,246,41
8/6/2020,246,20
8/10/2020,246,13
8/11/2020,246,21
8/12/2020,246,17
8/17/2020,246,17
8/18/2020,246,22
8/19/2020,246,15
8/20/2020,246,19
8/21/2020,246,31
8/22/2020,246,20
8/23/2020,246,25
8/26/2020,246,61
8/27/2020,246,42
8/28/2020,246,41
8/29/2020,246,55
8/30/2020,246,16
8/31/2020,121,47
8/2/2020,121,8
8/3/2020,121,17
8/4/2020,121,14
8/6/2020,121,18
8/7/2020,121,14
8/10/2020,121,20
8/11/2020,121,5
8/12/2020,121,16
8/13/2020,121,12
8/14/2020,121,5
8/17/2020,121,26
8/18/2020,121,24
8/19/2020,121,4
8/20/2020,121,14
8/21/2020,121,7
8/24/2020,121,17
8/25/2020,121,11
8/26/2020,121,20
8/27/2020,121,16
8/28/2020,122,18
8/23/2020,122,0
8/3/2020,122,16
8/4/2020,122,23
8/5/2020,122,33
8/6/2020,122,19
8/7/2020,122,24
8/10/2020,122,22
8/11/2020,122,18
8/12/2020,122,25
8/13/2020,122,9
8/14/2020,122,26
8/20/2020,122,26
8/21/2020,122,24
8/23/2020,122,20
8/24/2020,122,32
8/25/2020,122,23
8/26/2020,122,36
8/27/2020,122,27
8/28/2020,122,17
8/30/2020,122,9
8/31/2020,123,22
8/20/2020,123,0
8/1/2020,123,26
8/3/2020,123,10
8/5/2020,123,31
8/6/2020,123,23
8/7/2020,123,21
8/10/2020,123,27
8/11/2020,123,19
8/12/2020,123,20
8/13/2020,123,19
8/18/2020,123,14
8/20/2020,123,26
8/21/2020,123,14
8/24/2020,123,19
8/26/2020,123,17
8/27/2020,123,16
8/28/2020,123,19
8/30/2020,123,7
8/31/2020,124,9
8/1/2020,124,14
8/2/2020,124,6
8/3/2020,124,15
8/4/2020,124,13
8/5/2020,124,11
8/6/2020,124,14
8/24/2020,124,15
8/25/2020,124,16
8/26/2020,125,15
8/20/2020,125,0
8/21/2020,125,0
8/2/2020,125,9
8/3/2020,125,32
8/4/2020,125,21
8/5/2020,125,33
8/6/2020,125,20
8/7/2020,125,15
8/10/2020,125,26
8/11/2020,125,29
8/12/2020,125,15
8/13/2020,125,15
8/14/2020,125,16
8/15/2020,125,8
8/17/2020,125,23
8/18/2020,125,22
8/19/2020,125,23
8/20/2020,125,22
8/21/2020,125,38
8/22/2020,125,8
8/23/2020,125,25
8/24/2020,125,30
8/25/2020,125,41
8/26/2020,125,37
8/27/2020,125,28
8/28/2020,126,27
8/20/2020,126,0
8/1/2020,126,9
8/11/2020,126,15
8/12/2020,126,8
8/13/2020,126,19
8/17/2020,126,24
8/18/2020,126,15
8/19/2020,126,13
8/20/2020,126,30
8/21/2020,126,9
8/24/2020,127,22
8/3/2020,127,8
8/5/2020,127,20
8/6/2020,127,6
8/7/2020,127,8
8/10/2020,127,17
8/11/2020,127,4
8/12/2020,127,8
8/19/2020,127,7
8/20/2020,127,7
8/21/2020,127,11
8/22/2020,127,14
8/23/2020,127,2
8/24/2020,127,9
8/25/2020,127,17
8/26/2020,127,22
8/27/2020,127,5
8/28/2020,127,10
8/30/2020,127,11
8/31/2020,195,3
8/25/2020,195,1
8/26/2020,195,1
8/27/2020,195,2
8/31/2020,196,9
8/25/2020,196,5
8/26/2020,196,9
8/27/2020,196,7
8/31/2020,197,5
8/25/2020,197,2
8/26/2020,197,2
8/27/2020,197,5
8/28/2020,197,5
8/31/2020,199,6
8/25/2020,199,3
8/27/2020,199,5
8/28/2020,199,11
8/31/2020,99,15
8/24/2020,99,2
8/25/2020,99,1
8/26/2020,99,5
8/27/2020,99,2
8/28/2020,99,6
8/31/2020,202,13
8/25/2020,202,1
8/26/2020,202,6
8/27/2020,202,0
8/28/2020,202,5
8/31/2020,203,7
8/25/2020,203,6
8/26/2020,203,7
8/27/2020,203,6
8/28/2020,203,3
8/31/2020,204,13
8/25/2020,204,1
8/26/2020,204,4
8/28/2020,204,8
8/31/2020,238,16
8/26/2020,238,10
8/27/2020,238,4
8/28/2020,238,4
8/31/2020,104,11
8/24/2020,104,1
8/26/2020,104,3
8/27/2020,104,3
8/28/2020,104,7
8/31/2020,240,10
8/26/2020,240,6
8/28/2020,240,3
8/31/2020,205,5
8/25/2020,205,3
8/26/2020,205,4
8/27/2020,205,1
8/28/2020,205,1
8/31/2020,206,8
8/25/2020,206,5
8/26/2020,206,6
8/27/2020,206,7
8/28/2020,206,2
8/31/2020,207,9
8/25/2020,207,3
8/26/2020,207,1
8/28/2020,207,6
8/31/2020,208,11
8/25/2020,208,8
8/26/2020,208,1
8/27/2020,208,9
8/28/2020,106,4
8/24/2020,106,7
8/26/2020,106,13
8/28/2020,106,2
8/31/2020,239,18
8/26/2020,239,2
8/27/2020,128,3
8/1/2020,128,23
8/2/2020,128,29
8/3/2020,128,22
8/4/2020,128,13
8/5/2020,128,4
8/8/2020,128,27
8/9/2020,128,10
8/10/2020,128,9
8/11/2020,128,19
8/12/2020,128,26
8/13/2020,128,25
8/14/2020,128,36
8/15/2020,128,29
8/16/2020,128,37
8/24/2020,128,33
8/25/2020,128,37
8/26/2020,128,35
8/28/2020,128,9
8/29/2020,128,47
8/30/2020,128,29
8/31/2020,213,36
8/20/2020,213,0
8/1/2020,213,28
8/12/2020,213,28
8/13/2020,213,32
8/14/2020,213,9
8/15/2020,213,24
8/17/2020,213,27
8/18/2020,213,20
8/19/2020,213,17
8/20/2020,213,26
8/22/2020,213,34
8/25/2020,213,22
8/26/2020,213,25
8/27/2020,213,33
8/28/2020,213,13
8/29/2020,213,30
8/30/2020,291,22
8/1/2020,291,19
8/2/2020,291,18
8/3/2020,291,23
8/4/2020,291,26
8/5/2020,291,38
8/6/2020,291,19
8/9/2020,291,20
8/10/2020,291,9
8/11/2020,291,17
8/12/2020,291,16
8/13/2020,291,28
8/14/2020,291,8
8/15/2020,291,16
8/17/2020,291,18
8/18/2020,291,19
8/19/2020,291,14
8/20/2020,291,10
8/21/2020,291,14
8/22/2020,291,10
8/23/2020,129,7
8/20/2020,129,0
8/1/2020,129,59
8/3/2020,129,46
8/5/2020,129,59
8/6/2020,129,34
8/7/2020,129,27
8/10/2020,129,20
8/11/2020,129,30
8/12/2020,129,26
8/13/2020,129,33
8/14/2020,129,43
8/17/2020,129,4
8/18/2020,129,33
8/19/2020,129,19
8/20/2020,129,29
8/21/2020,129,23
8/22/2020,129,17
8/24/2020,129,27
8/25/2020,129,21
8/26/2020,129,14
8/31/2020,130,18
8/22/2020,130,0
8/3/2020,130,20
8/4/2020,130,14
8/6/2020,130,38
8/7/2020,130,13
8/10/2020,130,31
8/11/2020,130,28
8/12/2020,130,8
8/13/2020,130,10
8/14/2020,130,22
8/17/2020,130,23
8/18/2020,130,26
8/19/2020,130,22
8/20/2020,130,16
8/21/2020,130,22
8/22/2020,130,24
8/24/2020,130,28
8/25/2020,130,22
8/26/2020,130,16
8/27/2020,130,26
8/28/2020,130,13
8/30/2020,130,2
8/31/2020,269,38
8/1/2020,269,26
8/3/2020,269,12
8/4/2020,269,9
8/5/2020,269,34
8/6/2020,269,16
8/7/2020,269,14
8/8/2020,269,5
8/10/2020,269,5
8/11/2020,269,4
8/12/2020,269,7
8/13/2020,269,14
8/14/2020,269,16
8/15/2020,269,10
8/16/2020,269,31
8/17/2020,269,12
8/18/2020,269,1
8/19/2020,269,4
8/20/2020,269,12
8/21/2020,269,21
8/23/2020,269,12
8/28/2020,273,4
8/3/2020,273,11
8/4/2020,273,7
8/5/2020,273,8
8/6/2020,273,8
8/7/2020,273,12
8/10/2020,273,4
8/11/2020,273,14
8/12/2020,273,17
8/13/2020,273,22
8/29/2020,273,27
8/30/2020,131,10
8/20/2020,131,0
8/3/2020,131,21
8/4/2020,131,8
8/5/2020,131,45
8/6/2020,131,16
8/7/2020,131,7
8/10/2020,131,22
8/11/2020,131,33
8/12/2020,131,14
8/13/2020,131,13
8/14/2020,131,14
8/17/2020,131,32
8/18/2020,131,37
8/20/2020,131,22
8/24/2020,131,18
8/25/2020,131,27
8/26/2020,131,13
8/27/2020,131,17
8/28/2020,131,24
8/31/2020,132,26
8/3/2020,132,6
8/4/2020,132,25
8/5/2020,132,14
8/6/2020,132,11
8/7/2020,132,10
8/9/2020,132,10
8/10/2020,132,7
8/11/2020,132,28
8/12/2020,132,10
8/13/2020,132,31
8/14/2020,132,30
8/16/2020,132,31
8/17/2020,132,28
8/18/2020,132,33
8/19/2020,132,9
8/20/2020,132,6
8/21/2020,132,14
8/24/2020,132,20
8/25/2020,132,18
8/26/2020,132,36
8/27/2020,132,15
8/28/2020,214,41
8/21/2020,214,0
8/1/2020,214,27
8/11/2020,214,20
8/12/2020,214,24
8/13/2020,214,32
8/14/2020,214,27
8/15/2020,214,23
8/18/2020,214,18
8/19/2020,214,8
8/20/2020,214,19
8/21/2020,214,27
8/22/2020,214,19
8/25/2020,214,29
8/26/2020,214,17
8/27/2020,214,28
8/28/2020,214,18
8/29/2020,214,16
8/30/2020,263,24
8/1/2020,263,11
8/2/2020,263,6
8/3/2020,263,5
8/4/2020,263,15
8/5/2020,263,19
8/14/2020,263,11
8/15/2020,263,8
8/16/2020,263,6
8/18/2020,263,17
8/19/2020,263,11
8/20/2020,263,6
8/27/2020,133,5
8/21/2020,133,0
8/22/2020,133,0
8/20/2020,133,0
8/2/2020,133,24
8/3/2020,133,23
8/4/2020,133,19
8/5/2020,133,36
8/6/2020,133,30
8/7/2020,133,25
8/8/2020,133,10
8/10/2020,133,26
8/12/2020,133,35
8/13/2020,133,9
8/14/2020,133,24
8/15/2020,133,20
8/17/2020,133,32
8/18/2020,133,19
8/19/2020,133,8
8/20/2020,133,10
8/21/2020,133,20
8/22/2020,133,18
8/24/2020,133,34
8/25/2020,133,23
8/27/2020,133,23
8/29/2020,133,25
8/31/2020,134,42
8/24/2020,134,1
8/1/2020,134,16
8/2/2020,134,13
8/3/2020,134,3
8/4/2020,134,15
8/5/2020,134,28
8/6/2020,134,16
8/7/2020,134,24
8/8/2020,134,8
8/10/2020,134,12
8/11/2020,134,9
8/12/2020,134,29
8/13/2020,134,19
8/14/2020,134,23
8/15/2020,134,19
8/16/2020,134,44
8/17/2020,134,23
8/18/2020,134,21
8/19/2020,134,28
8/21/2020,134,23
8/23/2020,134,31
8/24/2020,134,30
8/25/2020,134,30
8/26/2020,134,30
8/27/2020,134,36
8/28/2020,134,30
8/29/2020,134,40
8/30/2020,134,25
8/31/2020,135,24
8/21/2020,135,0
8/2/2020,135,4
8/3/2020,135,5
8/4/2020,135,6
8/6/2020,135,8
8/7/2020,135,9
8/9/2020,135,4
8/10/2020,135,4
8/11/2020,135,23
8/12/2020,135,6
8/13/2020,135,7
8/14/2020,135,14
8/16/2020,135,6
8/17/2020,135,15
8/18/2020,135,4
8/19/2020,135,5
8/20/2020,135,7
8/21/2020,135,18
8/23/2020,135,10
8/24/2020,135,19
8/25/2020,135,13
8/26/2020,135,8
8/27/2020,135,18
8/28/2020,135,17
8/30/2020,135,14
8/31/2020,247,18
8/3/2020,247,25
8/4/2020,247,21
8/5/2020,247,27
8/6/2020,247,18
8/7/2020,247,20
8/10/2020,247,20
8/11/2020,247,23
8/12/2020,247,21
8/13/2020,247,30
8/14/2020,247,14
8/17/2020,247,19
8/18/2020,247,25
8/19/2020,247,20
8/20/2020,247,16
8/21/2020,247,13
8/22/2020,247,33
8/26/2020,247,14
8/27/2020,247,11
8/28/2020,247,20
8/29/2020,247,15
8/30/2020,247,20
8/31/2020,136,16
8/21/2020,136,1
8/21/2020,136,0
8/3/2020,136,7
8/4/2020,136,18
8/7/2020,136,13
8/8/2020,136,17
8/9/2020,136,29
8/10/2020,136,23
8/11/2020,136,19
8/14/2020,136,31
8/15/2020,136,15
8/16/2020,136,47
8/17/2020,136,28
8/18/2020,136,19
8/20/2020,136,16
8/21/2020,136,26
8/23/2020,136,5
8/24/2020,136,18
8/29/2020,136,23
8/30/2020,136,14
8/31/2020,137,25
8/1/2020,137,24
8/4/2020,137,5
8/5/2020,137,46
8/6/2020,137,8
8/8/2020,137,17
8/9/2020,137,14
8/10/2020,137,11
8/11/2020,137,13
8/12/2020,137,15
8/13/2020,137,6
8/14/2020,137,7
8/15/2020,137,3
8/24/2020,137,2
8/25/2020,137,16
8/26/2020,137,12
8/27/2020,137,24
8/28/2020,137,27
8/29/2020,137,15
8/31/2020,248,16
8/26/2020,248,1
8/27/2020,248,4
8/31/2020,138,3
8/4/2020,138,12
8/5/2020,138,2
8/6/2020,138,38
8/7/2020,138,14
8/10/2020,138,31
8/17/2020,138,30
8/18/2020,138,17
8/24/2020,138,24
8/25/2020,138,31
8/26/2020,138,32
8/27/2020,138,40
8/31/2020,138,20
8/31/2020,138,2
8/31/2020,138,2
8/3/2020,138,12
8/4/2020,138,11
8/5/2020,138,13
8/6/2020,138,11
8/10/2020,138,6
8/11/2020,138,10
8/12/2020,138,10
8/13/2020,138,2
8/11/2020,138,0
8/12/2020,138,0
8/1/2020,138,13
8/2/2020,138,24
8/6/2020,138,3
8/7/2020,138,28
8/8/2020,138,9
8/9/2020,138,13
8/10/2020,138,6
8/11/2020,138,25
8/12/2020,138,15
8/13/2020,138,12
8/14/2020,138,3
8/15/2020,138,7
8/16/2020,259,9
8/27/2020,259,0
8/28/2020,259,3
8/31/2020,279,2
8/31/2020,231,1
8/26/2020,231,2
8/27/2020,231,3
8/28/2020,232,1
8/26/2020,232,0
8/27/2020,232,1
8/28/2020,260,3
8/27/2020,260,3
8/28/2020,260,2
8/31/2020,235,2
8/26/2020,235,1
8/27/2020,235,2
8/28/2020,235,5
8/31/2020,261,2
8/27/2020,301,1
8/21/2020,301,0
8/5/2020,301,10
8/6/2020,301,21
8/7/2020,301,16
8/8/2020,301,15
8/9/2020,301,12
8/11/2020,301,2
8/12/2020,301,27
8/13/2020,301,11
8/16/2020,301,5
8/17/2020,301,22
8/18/2020,301,18
8/19/2020,301,15
8/20/2020,301,8
8/21/2020,237,11
8/26/2020,237,4
8/27/2020,237,4
8/28/2020,237,3
8/31/2020,262,4
8/27/2020,262,0
8/28/2020,241,6
8/26/2020,241,0
8/27/2020,241,0
8/28/2020,242,1
8/26/2020,242,2
8/27/2020,242,5
8/31/2020,243,0
8/26/2020,243,1
8/27/2020,243,0
8/28/2020,243,3
8/31/2020,244,1
8/26/2020,244,1
8/31/2020,139,0
8/1/2020,139,14
8/2/2020,139,11
8/3/2020,139,8
8/4/2020,139,8
8/5/2020,139,5
8/10/2020,139,17
8/13/2020,139,9
8/14/2020,139,7
8/16/2020,139,4
8/17/2020,139,14
8/18/2020,139,10
8/19/2020,139,11
8/23/2020,139,5
8/24/2020,139,20
8/25/2020,139,14
8/26/2020,139,9
8/27/2020,139,8
8/28/2020,139,2
8/29/2020,292,14
8/1/2020,292,20
8/2/2020,292,13
8/3/2020,292,28
8/4/2020,292,38
8/5/2020,292,11
8/6/2020,292,18
8/7/2020,292,33
8/8/2020,292,25
8/9/2020,292,1
8/10/2020,292,27
8/11/2020,292,9
8/12/2020,292,43
8/13/2020,292,31
8/14/2020,292,30
8/15/2020,292,14
8/16/2020,292,12
8/17/2020,292,13
8/18/2020,292,17
8/19/2020,292,14
8/20/2020,140,5
8/21/2020,140,1
8/21/2020,140,0
8/4/2020,140,11
8/5/2020,140,29
8/6/2020,140,11
8/7/2020,140,8
8/8/2020,140,17
8/9/2020,140,5
8/10/2020,140,18
8/11/2020,140,25
8/12/2020,140,24
8/13/2020,140,4
8/17/2020,140,19
8/18/2020,140,27
8/19/2020,140,11
8/20/2020,140,30
8/21/2020,140,21
8/22/2020,140,19
8/24/2020,140,7
8/25/2020,140,22
8/26/2020,140,27
8/27/2020,280,26
8/20/2020,280,0
8/2/2020,280,36
8/3/2020,280,4
8/4/2020,280,1
8/5/2020,280,19
8/6/2020,280,23
8/8/2020,280,16
8/9/2020,280,24
8/10/2020,280,29
8/11/2020,280,10
8/12/2020,280,30
8/17/2020,280,13
8/18/2020,280,26
8/19/2020,280,20
8/20/2020,280,22
8/21/2020,280,11
8/22/2020,280,15
8/23/2020,280,19
8/31/2020,281,13
8/20/2020,281,0
8/3/2020,281,9
8/4/2020,281,40
8/5/2020,281,27
8/6/2020,281,45
8/7/2020,281,32
8/8/2020,281,27
8/9/2020,281,18
8/11/2020,281,14
8/12/2020,281,14
8/13/2020,281,32
8/14/2020,281,45
8/17/2020,281,9
8/18/2020,281,8
8/19/2020,281,28
8/20/2020,281,28
8/21/2020,281,26
8/31/2020,141,31
8/6/2020,141,14
8/7/2020,141,27
8/8/2020,141,17
8/9/2020,141,4
8/10/2020,141,25
8/11/2020,141,5
8/12/2020,141,39
8/15/2020,141,24
8/17/2020,141,28
8/18/2020,141,12
8/19/2020,141,26
8/20/2020,141,28
8/24/2020,141,19
8/25/2020,141,16
8/26/2020,141,41
8/27/2020,141,11
8/28/2020,249,35
8/1/2020,249,11
8/2/2020,249,11
8/3/2020,249,7
8/4/2020,249,11
8/5/2020,249,21
8/17/2020,249,10
8/26/2020,249,35
8/27/2020,249,25
8/28/2020,249,13
8/29/2020,249,13
8/30/2020,142,11
8/3/2020,142,17
8/4/2020,142,18
8/5/2020,142,19
8/6/2020,142,20
8/7/2020,142,15
8/11/2020,142,21
8/12/2020,142,12
8/13/2020,142,26
8/14/2020,142,16
8/18/2020,142,25
8/19/2020,142,24
8/20/2020,142,21
8/21/2020,142,10
8/24/2020,142,8
8/25/2020,142,17
8/27/2020,270,11
8/3/2020,270,28
8/6/2020,270,24
8/7/2020,270,27
8/11/2020,270,13
8/12/2020,270,14
8/13/2020,270,10
8/17/2020,270,23
8/18/2020,270,21
8/19/2020,270,31
8/20/2020,270,14
8/28/2020,143,10
8/3/2020,143,15
8/4/2020,143,11
8/5/2020,143,10
8/6/2020,143,10
8/7/2020,143,13
8/10/2020,143,5
8/11/2020,143,4
8/12/2020,143,3
8/13/2020,143,10
8/14/2020,143,6
8/17/2020,143,10
8/18/2020,143,14
8/19/2020,143,14
8/20/2020,143,13
8/24/2020,143,10
8/25/2020,143,7
8/26/2020,143,3
8/31/2020,144,11
8/21/2020,144,0
8/2/2020,144,4
8/3/2020,144,7
8/4/2020,144,10
8/5/2020,144,18
8/6/2020,144,11
8/7/2020,144,13
8/9/2020,144,11
8/10/2020,144,14
8/14/2020,144,12
8/15/2020,144,10
8/16/2020,144,13
8/17/2020,144,21
8/18/2020,144,3
8/19/2020,144,13
8/21/2020,144,14
8/22/2020,144,13
8/24/2020,144,12
8/25/2020,144,8
8/26/2020,144,5
8/27/2020,144,18
8/28/2020,144,17
8/31/2020,145,12
8/1/2020,145,26
8/3/2020,145,22
8/5/2020,145,34
8/6/2020,145,42
8/7/2020,145,28
8/10/2020,145,19
8/11/2020,145,32
8/12/2020,145,35
8/13/2020,145,22
8/14/2020,145,27
8/18/2020,145,17
8/19/2020,145,18
8/20/2020,145,30
8/21/2020,145,32
8/22/2020,145,14
8/24/2020,145,38
8/25/2020,145,35
8/26/2020,145,19
8/27/2020,145,23
8/28/2020,145,27
8/31/2020,146,26
8/21/2020,146,0
8/4/2020,146,16
8/5/2020,146,19
8/6/2020,146,17
8/7/2020,146,11
8/9/2020,146,8
8/10/2020,146,13
8/11/2020,146,16
8/12/2020,146,20
8/13/2020,146,21
8/17/2020,146,23
8/18/2020,146,17
8/19/2020,146,28
8/20/2020,146,21
8/21/2020,146,17
8/22/2020,146,12
8/24/2020,146,17
8/25/2020,146,20
8/26/2020,146,14
8/27/2020,146,13
8/28/2020,146,13
8/31/2020,147,20
8/6/2020,147,9
8/7/2020,147,20
8/10/2020,147,11
8/11/2020,147,18
8/12/2020,147,9
8/13/2020,147,18
8/14/2020,147,6
8/17/2020,147,16
8/18/2020,147,32
8/19/2020,147,19
8/20/2020,147,16
8/21/2020,147,21
8/23/2020,147,15
8/24/2020,147,25
8/26/2020,148,13
8/20/2020,148,0
8/21/2020,148,0
8/1/2020,148,21
8/3/2020,148,18
8/4/2020,148,15
8/5/2020,148,17
8/6/2020,148,17
8/10/2020,148,24
8/11/2020,148,25
8/12/2020,148,19
8/13/2020,148,24
8/15/2020,148,18
8/16/2020,148,13
8/17/2020,148,15
8/18/2020,148,23
8/19/2020,148,21
8/20/2020,148,28
8/21/2020,148,25
8/24/2020,148,16
8/25/2020,148,29
8/26/2020,148,26
8/27/2020,148,25
8/28/2020,148,29
8/29/2020,148,28
8/31/2020,148,31
8/20/2020,148,0
8/1/2020,148,15
8/4/2020,148,8
8/5/2020,148,25
8/11/2020,148,13
8/12/2020,148,3
8/13/2020,148,4
8/14/2020,148,10
8/16/2020,148,5
8/17/2020,148,13
8/18/2020,148,6
8/19/2020,148,20
8/20/2020,149,20
8/21/2020,149,0
8/20/2020,149,0
8/20/2020,149,0
8/7/2020,149,28
8/8/2020,149,32
8/9/2020,149,17
8/10/2020,149,8
8/11/2020,149,11
8/13/2020,149,32
8/15/2020,149,19
8/17/2020,149,50
8/18/2020,149,24
8/19/2020,149,36
8/20/2020,149,30
8/21/2020,149,36
8/22/2020,149,26
8/23/2020,149,30
8/24/2020,149,33
8/25/2020,149,42
8/26/2020,149,17
8/28/2020,149,39
8/31/2020,293,43
8/1/2020,293,26
8/7/2020,293,18
8/8/2020,293,20
8/11/2020,293,19
8/14/2020,293,5
8/7/2020,293,2
8/8/2020,293,1
8/14/2020,293,14
8/15/2020,293,10
8/3/2020,293,16
8/5/2020,293,0
8/10/2020,293,6
8/11/2020,293,7
8/12/2020,293,7
8/13/2020,293,10
8/3/2020,293,1
8/4/2020,293,1
8/5/2020,293,0
8/10/2020,293,1
8/4/2020,293,1
8/4/2020,150,2
8/29/2020,150,1
8/1/2020,150,14
8/3/2020,150,8
8/4/2020,150,15
8/5/2020,150,8
8/6/2020,150,10
8/7/2020,150,15
8/10/2020,150,9
8/24/2020,150,11
8/25/2020,150,8
8/26/2020,150,9
8/29/2020,150,14
8/31/2020,150,2
8/3/2020,150,4
8/6/2020,150,2
8/7/2020,150,2
8/10/2020,150,1
8/24/2020,150,4
8/25/2020,150,2
8/26/2020,150,1
8/31/2020,150,8
8/24/2020,151,0
8/1/2020,151,20
8/3/2020,151,17
8/4/2020,151,25
8/5/2020,151,21
8/6/2020,151,16
8/24/2020,151,20
8/3/2020,151,3
8/5/2020,151,1
8/6/2020,151,2
8/24/2020,152,1
8/29/2020,152,12
8/3/2020,152,29
8/6/2020,152,8
8/7/2020,152,1
8/8/2020,152,17
8/10/2020,152,17
8/11/2020,152,24
8/24/2020,152,24
8/26/2020,152,18
8/28/2020,152,20
8/29/2020,152,6
8/31/2020,152,17
8/6/2020,152,8
8/7/2020,152,26
8/26/2020,152,1
8/31/2020,152,8
8/26/2020,152,1
8/28/2020,153,0
8/3/2020,153,15
8/4/2020,153,17
8/5/2020,153,30
8/10/2020,153,13
8/11/2020,153,16
8/12/2020,153,11
8/18/2020,153,10
8/19/2020,153,8
8/20/2020,153,11
8/21/2020,153,14
8/24/2020,153,13
8/25/2020,153,14
8/26/2020,153,10
8/28/2020,153,29
8/31/2020,154,21
8/21/2020,154,0
8/3/2020,154,9
8/4/2020,154,8
8/5/2020,154,18
8/6/2020,154,10
8/10/2020,154,16
8/11/2020,154,6
8/12/2020,154,11
8/13/2020,154,12
8/14/2020,154,22
8/17/2020,154,17
8/18/2020,154,16
8/19/2020,154,6
8/20/2020,154,12
8/21/2020,154,15
8/24/2020,154,16
8/26/2020,154,6
8/27/2020,154,3
8/28/2020,155,6
8/3/2020,155,23
8/4/2020,155,9
8/6/2020,155,16
8/10/2020,155,19
8/11/2020,155,23
8/12/2020,155,15
8/14/2020,155,15
8/17/2020,155,17
8/18/2020,155,11
8/19/2020,155,16
8/20/2020,155,11
8/24/2020,155,19
8/25/2020,155,18
8/26/2020,155,23
8/27/2020,155,26
8/31/2020,156,27
8/10/2020,156,17
8/12/2020,156,16
8/13/2020,156,18
8/14/2020,156,16
8/17/2020,156,17
8/18/2020,156,23
8/19/2020,156,31
8/20/2020,156,19
8/21/2020,156,17
8/24/2020,156,20
8/25/2020,156,22
8/26/2020,156,24
8/27/2020,156,16
8/28/2020,156,27
8/31/2020,157,18
8/3/2020,157,9
8/4/2020,157,9
8/5/2020,157,12
8/6/2020,157,11
8/7/2020,157,7
8/10/2020,157,12
8/11/2020,157,7
8/12/2020,157,7
8/13/2020,157,11
8/14/2020,157,16
8/17/2020,157,10
8/18/2020,157,18
8/19/2020,157,13
8/20/2020,157,7
8/21/2020,157,11
8/24/2020,157,13
8/25/2020,157,13
8/26/2020,157,15
8/27/2020,157,6
8/28/2020,157,19
8/31/2020,158,14
8/20/2020,158,0
8/4/2020,158,5
8/5/2020,158,23
8/6/2020,158,13
8/7/2020,158,19
8/10/2020,158,16
8/11/2020,158,14
8/12/2020,158,16
8/13/2020,158,15
8/14/2020,158,16
8/17/2020,158,16
8/18/2020,158,20
8/19/2020,158,16
8/20/2020,158,11
8/24/2020,158,28
8/25/2020,158,21
8/26/2020,158,22
8/27/2020,158,22
8/28/2020,158,29
8/31/2020,282,32
8/3/2020,282,14
8/5/2020,282,25
8/6/2020,282,13
8/7/2020,282,26
8/10/2020,282,18
8/11/2020,282,27
8/12/2020,282,30
8/13/2020,282,20
8/14/2020,282,15
8/17/2020,282,33
8/18/2020,282,18
8/19/2020,282,32
8/20/2020,282,22
8/21/2020,282,8
8/31/2020,282,9
8/3/2020,215,9
8/3/2020,215,18
8/4/2020,215,12
8/5/2020,215,22
8/6/2020,215,10
8/7/2020,215,14
8/10/2020,215,10
8/11/2020,215,10
8/12/2020,215,11
8/13/2020,215,12
8/18/2020,215,9
8/19/2020,215,15
8/25/2020,215,16
8/26/2020,215,12
8/27/2020,215,20
8/28/2020,215,12
8/31/2020,159,12
8/3/2020,159,9
8/4/2020,159,14
8/5/2020,159,12
8/6/2020,159,14
8/10/2020,159,15
8/11/2020,159,10
8/12/2020,159,13
8/14/2020,159,12
8/18/2020,159,12
8/19/2020,159,18
8/20/2020,159,15
8/21/2020,159,13
8/24/2020,159,16
8/25/2020,159,8
8/26/2020,159,13
8/27/2020,159,18
8/28/2020,160,18
8/21/2020,160,1
8/3/2020,160,7
8/4/2020,160,5
8/5/2020,160,9
8/6/2020,160,4
8/7/2020,160,7
8/11/2020,160,3
8/12/2020,160,7
8/13/2020,160,11
8/14/2020,160,1
8/17/2020,160,16
8/18/2020,160,4
8/19/2020,160,9
8/20/2020,160,7
8/21/2020,160,4
8/24/2020,160,12
8/25/2020,160,7
8/26/2020,160,5
8/27/2020,160,10
8/28/2020,160,21
8/31/2020,161,19
8/21/2020,161,0
8/20/2020,161,1
8/3/2020,161,18
8/4/2020,161,14
8/5/2020,161,18
8/6/2020,161,5
8/7/2020,161,12
8/10/2020,161,10
8/11/2020,161,13
8/12/2020,161,20
8/13/2020,161,15
8/14/2020,161,7
8/17/2020,161,16
8/18/2020,161,21
8/19/2020,161,16
8/20/2020,161,15
8/21/2020,161,15
8/24/2020,161,19
8/25/2020,161,9
8/26/2020,162,14
8/3/2020,162,20
8/4/2020,162,14
8/6/2020,162,14
8/10/2020,162,12
8/11/2020,162,16
8/17/2020,162,14
8/18/2020,162,13
8/19/2020,162,15
8/24/2020,162,13
8/25/2020,162,15
8/26/2020,162,25
8/27/2020,162,17
8/31/2020,163,25
8/3/2020,163,8
8/4/2020,163,16
8/5/2020,163,19
8/6/2020,163,5
8/7/2020,163,15
8/10/2020,163,14
8/11/2020,163,11
8/12/2020,163,13
8/13/2020,163,10
8/14/2020,163,6
8/17/2020,163,8
8/18/2020,163,11
8/19/2020,163,13
8/20/2020,163,10
8/21/2020,163,6
8/24/2020,163,15
8/25/2020,163,5
8/26/2020,163,13
8/27/2020,164,13
8/3/2020,164,6
8/4/2020,164,16
8/5/2020,164,21
8/6/2020,164,13
8/7/2020,164,18
8/10/2020,164,12
8/11/2020,164,13
8/12/2020,164,12
8/13/2020,164,16
8/14/2020,164,14
8/24/2020,164,17
8/25/2020,164,17
8/26/2020,164,12
8/27/2020,164,23
8/28/2020,164,21
8/31/2020,165,26
8/21/2020,165,0
8/21/2020,165,0
8/3/2020,165,11
8/5/2020,165,9
8/6/2020,165,16
8/7/2020,165,15
8/17/2020,165,9
8/18/2020,165,13
8/19/2020,165,14
8/21/2020,165,14
8/24/2020,165,21
8/25/2020,165,5
8/26/2020,165,10
8/27/2020,165,15
8/31/2020,166,15
8/20/2020,166,0
8/3/2020,166,9
8/4/2020,166,7
8/5/2020,166,25
8/6/2020,166,18
8/7/2020,166,13
8/10/2020,166,14
8/11/2020,166,13
8/12/2020,166,14
8/13/2020,166,23
8/14/2020,166,21
8/17/2020,166,22
8/19/2020,166,13
8/20/2020,166,21
8/21/2020,166,9
8/24/2020,166,22
8/25/2020,166,25
8/26/2020,166,18
8/27/2020,166,21
8/28/2020,166,50
8/31/2020,167,42
8/21/2020,167,0
8/27/2020,167,0
8/21/2020,167,0
8/3/2020,167,8
8/4/2020,167,11
8/5/2020,167,15
8/6/2020,167,5
8/7/2020,167,22
8/17/2020,167,8
8/18/2020,167,17
8/19/2020,167,5
8/20/2020,167,19
8/21/2020,167,17
8/24/2020,167,12
8/26/2020,167,17
8/27/2020,167,23
8/28/2020,167,30
8/31/2020,167,23
8/7/2020,167,16
8/11/2020,167,11
8/13/2020,167,20
8/3/2020,167,8
8/10/2020,167,8
8/11/2020,167,12
8/12/2020,167,10
8/13/2020,167,18
8/14/2020,168,12
8/3/2020,168,14
8/4/2020,168,17
8/5/2020,168,23
8/6/2020,168,19
8/7/2020,168,12
8/10/2020,168,10
8/11/2020,168,4
8/12/2020,168,16
8/13/2020,168,10
8/14/2020,168,15
8/24/2020,168,16
8/25/2020,168,18
8/26/2020,168,14
8/27/2020,168,9
8/28/2020,168,18
8/31/2020,169,23
8/3/2020,169,10
8/4/2020,169,13
8/5/2020,169,14
8/6/2020,169,15
8/10/2020,169,12
8/11/2020,169,11
8/12/2020,169,8
8/13/2020,169,12
8/17/2020,169,10
8/18/2020,169,14
8/19/2020,169,16
8/24/2020,169,13
8/25/2020,169,12
8/26/2020,169,15
8/28/2020,169,15
8/31/2020,170,16
8/5/2020,170,11
8/6/2020,170,10
8/7/2020,170,13
8/12/2020,170,8
8/14/2020,170,12
8/17/2020,170,11
8/18/2020,170,7
8/20/2020,170,10
8/21/2020,170,13
8/24/2020,170,9
8/25/2020,170,12
8/26/2020,170,8
8/27/2020,170,9
8/28/2020,171,12
8/4/2020,171,11
8/5/2020,171,11
8/6/2020,171,11
8/10/2020,171,6
8/11/2020,171,16
8/12/2020,171,15
8/13/2020,171,17
8/24/2020,171,17
8/25/2020,171,20
8/26/2020,171,19
8/27/2020,171,13
8/28/2020,172,13
8/21/2020,172,0
8/3/2020,172,19
8/4/2020,172,23
8/5/2020,172,33
8/6/2020,172,17
8/7/2020,172,16
8/10/2020,172,15
8/11/2020,172,16
8/12/2020,172,17
8/14/2020,172,10
8/17/2020,172,17
8/18/2020,172,11
8/19/2020,172,28
8/20/2020,172,5
8/21/2020,172,17
8/22/2020,172,5
8/23/2020,172,7
8/24/2020,172,15
8/25/2020,172,21
8/26/2020,172,23
8/27/2020,172,26
8/28/2020,172,28
8/29/2020,172,19
8/31/2020,216,30
8/2/2020,216,20
8/3/2020,216,19
8/4/2020,216,28
8/5/2020,216,33
8/6/2020,216,26
8/7/2020,216,18
8/8/2020,216,16
8/9/2020,216,11
8/10/2020,216,9
8/11/2020,216,7
8/15/2020,216,7
8/16/2020,216,26
8/17/2020,216,14
8/19/2020,216,16
8/20/2020,216,12
8/21/2020,216,4
8/25/2020,216,7
8/27/2020,216,10
8/29/2020,216,12
8/30/2020,216,5
8/31/2020,217,11
8/23/2020,217,1
8/21/2020,217,0
8/3/2020,217,21
8/4/2020,217,17
8/6/2020,217,14
8/7/2020,217,28
8/10/2020,217,12
8/11/2020,217,7
8/15/2020,217,22
8/16/2020,217,19
8/17/2020,217,8
8/19/2020,217,24
8/21/2020,217,33
8/23/2020,217,17
8/25/2020,217,27
8/26/2020,217,11
8/29/2020,217,27
8/31/2020,217,24
